NDC_MEDICATION_CODE,MED_THERAPEUTIC_CLASS_DESCRIPTION
904585261,ANTIHISTAMINES
115703301,HORMONES
23114501,AUTONOMIC DRUGS
641602110,GASTROINTESTINAL
115148361,ANTINEOPLASTICS
409468823,ANTIFUNGALS
703102030,ANTIFUNGALS
121065402,PSYCHOTHERAPEUTIC DRUGS
338050941,ANTIBIOTICS
378252093,ANTIFUNGALS
378026101,ANTIFUNGALS
168005760,SKIN PREPS
472038115,SKIN PREPS
409226720,CARDIOVASCULAR
228262011,CARDIAC DRUGS
228263111,CARDIAC DRUGS
168004046,SKIN PREPS
74333330,ANTIVIRALS
472037145,SKIN PREPS
641604610,SEDATIVE/HYPNOTICS
78041520,IMMUNOSUPPRESSANTS
78041420,IMMUNOSUPPRESSANTS
185001001,CARDIOVASCULAR
8104005,IMMUNOSUPPRESSANTS
121064610,ANTIPARKINSON DRUGS
78041720,IMMUNOSUPPRESSANTS
65024610,EENT PREPS
781707787,ANTIBIOTICS
597013560,ANTICOAGULANTS
135051101,SMOKING DETERRENTS
555090201,ANTIDOTES
456060010,ANTIBIOTICS
338105102,CARDIAC DRUGS
536479901,VITAMINS
597014960,ANTICOAGULANTS
338358048,ANTIBIOTICS
472024260,ANTIPARASITICS
641607825,GASTROINTESTINAL
186077739,ANTIPLATELET DRUGS
338070948,ELECT/CALORIC/H2O
3037113,IMMUNOSUPPRESSANTS
338069104,ELECT/CALORIC/H2O
409018101,ANTINEOPLASTICS
409475503,GASTROINTESTINAL
641608025,GASTROINTESTINAL
338004803,SKIN PREPS
378037301,ANTIINFECTIVES/MISCELLANEOUS
781207601,UNCLASSIFIED DRUG PRODUCTS
409955810,AUTONOMIC DRUGS
456111030,PSYCHOTHERAPEUTIC DRUGS
517460525,GASTROINTESTINAL
409651001,ANTIBIOTICS
409651049,ANTIBIOTICS
406831562,ANALGESICS
56017075,ANTICOAGULANTS
409128331,ANALGESICS
409263450,ANALGESICS
472011720,SKIN PREPS
143968025,GASTROINTESTINAL
143968125,GASTROINTESTINAL
781315295,AUTONOMIC DRUGS
406839062,ANALGESICS
338601048,CARDIAC DRUGS
641614910,AUTONOMIC DRUGS
3089431,ANTICOAGULANTS
517460525,GASTROINTESTINAL
517101025,GASTROINTESTINAL
23031204,EENT PREPS
517760425,ANTIASTHMATICS
338055318,ELECT/CALORIC/H2O
54038225,ANTINEOPLASTICS
143968025,GASTROINTESTINAL
143968125,GASTROINTESTINAL
781315295,AUTONOMIC DRUGS
517460525,GASTROINTESTINAL
944049505,BLOOD
409198530,SEDATIVE/HYPNOTICS
143970910,CARDIAC DRUGS
409115902,ANESTHETICS
19132302,DIAGNOSTIC
781320495,CARDIAC DRUGS
409190201,CARDIAC DRUGS
338050748,ANTIBIOTICS
71374066,CNS DRUGS
409492134,AUTONOMIC DRUGS
781210401,IMMUNOSUPPRESSANTS
85433101,ANTIFUNGALS
409672903,ELECT/CALORIC/H2O
69303220,ANTINEOPLASTICS
6498100,BIOLOGICALS
3377412,ANTINEOPLASTICS
9004722,HORMONES
9000302,HORMONES
469065711,IMMUNOSUPPRESSANTS
641047625,SEDATIVE/HYPNOTICS
172541360,ANTIFUNGALS
703102930,ANTIFUNGALS
378037301,ANTIINFECTIVES/MISCELLANEOUS
574722406,ANALGESICS
409428201,ANESTHETICS
409317801,ANESTHETICS
409317701,ANESTHETICS
115146860,ANESTHETICS
409471332,ANESTHETICS
409317802,ANESTHETICS
168035755,ANESTHETICS
469065773,IMMUNOSUPPRESSANTS
74364203,ANTINEOPLASTICS
469061711,IMMUNOSUPPRESSANTS
9001103,HORMONES
93003901,CNS DRUGS
406048462,ANALGESICS
173064255,CNS DRUGS
781345196,ANTIBIOTICS
185072001,ANTIARTHRITICS
703565601,ANTINEOPLASTICS
206885516,ANTIBIOTICS
338107302,CARDIAC DRUGS
409189001,ANALGESICS
409230517,ANESTHETICS
173051900,CARDIOVASCULAR
409427001,ANESTHETICS
766150010,SMOKING DETERRENTS
904632661,ANTIHYPERGLYCEMICS
409427902,ANESTHETICS
703480501,UNCLASSIFIED DRUG PRODUCTS
93874001,CARDIAC DRUGS
93874101,CARDIAC DRUGS
904541501,ANTIFUNGALS
641606010,ANESTHETICS
641607825,GASTROINTESTINAL
8290036005,ANTICOAGULANTS
245021201,AUTONOMIC DRUGS
409127332,PSYCHOTHERAPEUTIC DRUGS
185021001,THYROID PREPS
338101741,ANTIBIOTICS
143987510,CARDIAC DRUGS
93711306,PSYCHOTHERAPEUTIC DRUGS
378504191,ANTIVIRALS
536252525,SKIN PREPS
641601410,CARDIAC DRUGS
904612861,CARDIOVASCULAR
54312041,VITAMINS
78027422,IMMUNOSUPPRESSANTS
93022001,ANTINEOPLASTICS
781178501,ANTIARTHRITICS
904505359,COUGH/COLD PREPARATIONS
74334603,ANTINEOPLASTICS
74438220,AUTONOMIC DRUGS
409909335,ANALGESICS
527142636,ANALGESICS
409477702,ANTIBIOTICS
904131309,GASTROINTESTINAL
536338101,GASTROINTESTINAL
143972124,ANTIBIOTICS
409477723,ANTIBIOTICS
781323909,ANTIBIOTICS
703903203,ANTIBIOTICS
703904003,ANTIBIOTICS
406055262,ANALGESICS
904644461,ANALGESICS
904567861,PSYCHOTHERAPEUTIC DRUGS
536185097,COUGH/COLD PREPARATIONS
641608025,GASTROINTESTINAL
409475503,GASTROINTESTINAL
641607825,GASTROINTESTINAL
338070341,ELECT/CALORIC/H2O
904555960,CNS DRUGS
944270004,BIOLOGICALS
781331495,ANTICOAGULANTS
409707714,ELECT/CALORIC/H2O
338004804,SKIN PREPS
121177505,COUGH/COLD PREPARATIONS
54009720,CNS DRUGS
406833062,ANALGESICS
121177510,COUGH/COLD PREPARATIONS
517857510,CNS DRUGS
409427001,ANESTHETICS
264310511,ANTIBIOTICS
517271025,ELECT/CALORIC/H2O
436094616,SKIN PREPS
456120230,GASTROINTESTINAL
597002402,ANTIASTHMATICS
487590199,ANTIASTHMATICS
409263405,ANALGESICS
409263450,ANALGESICS
74437805,AUTONOMIC DRUGS
409798361,ELECT/CALORIC/H2O
54001021,CARDIAC DRUGS
338050741,ANTIBIOTICS
703702103,PSYCHOTHERAPEUTIC DRUGS
172496058,ANTINEOPLASTICS
93947753,ANTIHYPERGLYCEMICS
781207601,UNCLASSIFIED DRUG PRODUCTS
338051141,ANTIBIOTICS
172436560,CARDIOVASCULAR
5197102,BIOLOGICALS
5197101,BIOLOGICALS
409909335,ANALGESICS
264400155,ELECT/CALORIC/H2O
338004902,ELECT/CALORIC/H2O
338004910,ELECT/CALORIC/H2O
338630403,ELECT/CALORIC/H2O
409798325,ELECT/CALORIC/H2O
409141210,DIURETICS
338004910,ELECT/CALORIC/H2O
338004938,ELECT/CALORIC/H2O
409798325,ELECT/CALORIC/H2O
338004910,ELECT/CALORIC/H2O
409798437,ELECT/CALORIC/H2O
74438010,AUTONOMIC DRUGS
641141035,CARDIAC DRUGS
409113403,ANALGESICS
574704512,ANALGESICS
555097102,AUTONOMIC DRUGS
85432402,ANTIFUNGALS
78017605,CARDIOVASCULAR
169406012,ANTIHYPERGLYCEMICS
71036940,CNS DRUGS
93738001,PSYCHOTHERAPEUTIC DRUGS
9514004,ANTIBIOTICS
944049102,BLOOD
436093616,SKIN PREPS
409318201,ANESTHETICS
54002025,PSYCHOTHERAPEUTIC DRUGS
54002125,PSYCHOTHERAPEUTIC DRUGS
131541070,CNS DRUGS
409116201,ANESTHETICS
409116202,ANESTHETICS
536105656,SKIN PREPS
15301260,ANTINEOPLASTICS
54040444,ANALGESICS
641608025,GASTROINTESTINAL
143989001,GASTROINTESTINAL
8290306525,ANTICOAGULANTS
54458111,ANTINEOPLASTICS
641047625,SEDATIVE/HYPNOTICS
378015001,DIURETICS
74194063,ANTIVIRALS
409131230,ANALGESICS
641600810,DIURETICS
472140016,ANTIHISTAMINES
409662502,ELECT/CALORIC/H2O
6542305,UNCLASSIFIED DRUG PRODUCTS
517611025,ELECT/CALORIC/H2O
409127332,PSYCHOTHERAPEUTIC DRUGS
121059530,ELECT/CALORIC/H2O
517003125,VITAMINS
641092825,ANTIHISTAMINES
143987510,CARDIAC DRUGS
9001104,HORMONES
409330803,ANTIASTHMATICS
487980125,ANTIASTHMATICS
517250210,CNS DRUGS
409672924,ELECT/CALORIC/H2O
641604610,SEDATIVE/HYPNOTICS
409121501,ANTIDOTES
143978410,UNCLASSIFIED DRUG PRODUCTS
409729501,ELECT/CALORIC/H2O
409592101,ANTIASTHMATICS
93415573,ANTIBIOTICS
409475503,GASTROINTESTINAL
536242558,ANESTHETICS
338101948,ANTIBIOTICS
409477750,ANTIBIOTICS
574705050,GASTROINTESTINAL
536302906,SMOKING DETERRENTS
338102541,ANTIBIOTICS
409148402,CARDIAC DRUGS
713013512,GASTROINTESTINAL
944270006,BIOLOGICALS
409477750,ANTIBIOTICS
143972124,ANTIBIOTICS
409117102,CARDIAC DRUGS
143989701,ANTIBIOTICS
904617261,CNS DRUGS
409198530,SEDATIVE/HYPNOTICS
168000480,SKIN PREPS
409909335,ANALGESICS
409909422,ANALGESICS
781317796,ANTIBIOTICS
409492134,AUTONOMIC DRUGS
409490334,CARDIAC DRUGS
641047625,SEDATIVE/HYPNOTICS
9041701,HORMONES
409910420,AUTONOMIC DRUGS
338519741,GASTROINTESTINAL
456270010,ANTIBIOTICS
703115303,AUTONOMIC DRUGS
781210301,IMMUNOSUPPRESSANTS
6351659,ANTIBIOTICS
173054700,ANTIINFECTIVES/MISCELLANEOUS
4025901,IMMUNOSUPPRESSANTS
409230801,ANESTHETICS
409230521,ANESTHETICS
121059530,ELECT/CALORIC/H2O
54812025,ELECT/CALORIC/H2O
409955810,AUTONOMIC DRUGS
143978410,UNCLASSIFIED DRUG PRODUCTS
409020120,ANTINEOPLASTICS
121177510,COUGH/COLD PREPARATIONS
121177505,COUGH/COLD PREPARATIONS
409955810,AUTONOMIC DRUGS
409427902,ANESTHETICS
409471332,ANESTHETICS
409471332,ANESTHETICS
409428201,ANESTHETICS
409428201,ANESTHETICS
143987510,CARDIAC DRUGS
409127332,PSYCHOTHERAPEUTIC DRUGS
409492834,ELECT/CALORIC/H2O
409126130,ANALGESICS
409176230,ANALGESICS
409663734,ELECT/CALORIC/H2O
409909332,ANALGESICS
143989701,ANTIBIOTICS
641604610,SEDATIVE/HYPNOTICS
641604610,SEDATIVE/HYPNOTICS
409226720,CARDIOVASCULAR
264780020,ELECT/CALORIC/H2O
9045003,CARDIOVASCULAR
904617261,CNS DRUGS
85056605,HORMONES
703565301,ANTINEOPLASTICS
143998303,ANTIBIOTICS
3223011,ANTIBIOTICS
338043103,ANTICOAGULANTS
904639161,CARDIOVASCULAR
555080802,ANTINEOPLASTICS
3224011,ANTIBIOTICS
93819201,GASTROINTESTINAL
409127332,PSYCHOTHERAPEUTIC DRUGS
23218105,EENT PREPS
206885216,ANTIBIOTICS
409427001,ANESTHETICS
409427902,ANESTHETICS
338004802,SKIN PREPS
54010625,CARDIOVASCULAR
409131230,ANALGESICS
69015111,ANTINEOPLASTICS
143978410,UNCLASSIFIED DRUG PRODUCTS
409263405,ANALGESICS
69022301,ANTICOAGULANTS
9752903,ANTINEOPLASTICS
9072809,ANTIBIOTICS
703301812,ANTINEOPLASTICS
409263450,ANALGESICS
338004901,ELECT/CALORIC/H2O
338004931,ELECT/CALORIC/H2O
904617261,CNS DRUGS
781210401,IMMUNOSUPPRESSANTS
781320895,ANTIBIOTICS
781320895,ANTIBIOTICS
781345196,ANTIBIOTICS
781345196,ANTIBIOTICS
409492134,AUTONOMIC DRUGS
641604610,SEDATIVE/HYPNOTICS
409190201,CARDIAC DRUGS
409663734,ELECT/CALORIC/H2O
409127332,PSYCHOTHERAPEUTIC DRUGS
206885416,ANTIBIOTICS
338355248,ANTIBIOTICS
173051700,CARDIOVASCULAR
603150858,SEDATIVE/HYPNOTICS
781317796,ANTIBIOTICS
781317796,ANTIBIOTICS
409190201,CARDIAC DRUGS
641614910,AUTONOMIC DRUGS
517271025,ELECT/CALORIC/H2O
409909332,ANALGESICS
409909422,ANALGESICS
904213761,ELECT/CALORIC/H2O
944270005,BIOLOGICALS
944270007,BIOLOGICALS
9074635,CONTRACEPTIVES
409263405,ANALGESICS
409662502,ELECT/CALORIC/H2O
591315901,GASTROINTESTINAL
283067902,ANESTHETICS
143968125,GASTROINTESTINAL
338355148,ANTIBIOTICS
3089331,ANTICOAGULANTS
143968025,GASTROINTESTINAL
944049101,BLOOD
409126130,ANALGESICS
409492834,ELECT/CALORIC/H2O
409176230,ANALGESICS
409909422,ANALGESICS
409909335,ANALGESICS
409909422,ANALGESICS
409909332,ANALGESICS
409909422,ANALGESICS
781345196,ANTIBIOTICS
338004904,ELECT/CALORIC/H2O
338004938,ELECT/CALORIC/H2O
409798437,ELECT/CALORIC/H2O
264400155,ELECT/CALORIC/H2O
409490334,CARDIAC DRUGS
781315295,AUTONOMIC DRUGS
781345196,ANTIBIOTICS
409909335,ANALGESICS
409909422,ANALGESICS
409490334,CARDIAC DRUGS
641139735,PSYCHOTHERAPEUTIC DRUGS
409492134,AUTONOMIC DRUGS
409492134,AUTONOMIC DRUGS
409955810,AUTONOMIC DRUGS
409663734,ELECT/CALORIC/H2O
338070948,ELECT/CALORIC/H2O
517611025,ELECT/CALORIC/H2O
517611025,ELECT/CALORIC/H2O
409166010,SEDATIVE/HYPNOTICS
9514001,ANTIBIOTICS
409490234,ELECT/CALORIC/H2O
93738201,PSYCHOTHERAPEUTIC DRUGS
143968910,CARDIAC DRUGS
436067216,SKIN PREPS
54038325,ANTINEOPLASTICS
469032014,ANTIFUNGALS
121476605,ELECT/CALORIC/H2O
78024615,IMMUNOSUPPRESSANTS
378207201,CARDIOVASCULAR
409492834,ELECT/CALORIC/H2O
409080601,ANTIBIOTICS
409490334,CARDIAC DRUGS
264780010,ELECT/CALORIC/H2O
264780020,ELECT/CALORIC/H2O
641604610,SEDATIVE/HYPNOTICS
409798361,ELECT/CALORIC/H2O
641141035,CARDIAC DRUGS
641604610,SEDATIVE/HYPNOTICS
264400155,ELECT/CALORIC/H2O
264780020,ELECT/CALORIC/H2O
338004901,ELECT/CALORIC/H2O
338004911,ELECT/CALORIC/H2O
338004931,ELECT/CALORIC/H2O
409190201,CARDIAC DRUGS
378015001,DIURETICS
143967310,CNS DRUGS
703040402,UNCLASSIFIED DRUG PRODUCTS
409130431,ANALGESICS
409330803,ANTIASTHMATICS
409909332,ANALGESICS
641604610,SEDATIVE/HYPNOTICS
409226720,CARDIOVASCULAR
338004903,ELECT/CALORIC/H2O
338004901,ELECT/CALORIC/H2O
338004902,ELECT/CALORIC/H2O
338004931,ELECT/CALORIC/H2O
781345295,ANTIBIOTICS
93046301,CNS DRUGS
517611025,ELECT/CALORIC/H2O
78024815,IMMUNOSUPPRESSANTS
904322035,EENT PREPS
904563261,CNS DRUGS
173093356,ANTIVIRALS
338040903,CARDIAC DRUGS
781570192,CARDIOVASCULAR
338100702,AUTONOMIC DRUGS
338051902,GASTROINTESTINAL
143991901,ANTIHYPERGLYCEMICS
409492834,ELECT/CALORIC/H2O
731040106,ELECT/CALORIC/H2O
4024515,ANTIVIRALS
409663734,ELECT/CALORIC/H2O
641047625,SEDATIVE/HYPNOTICS
409492834,ELECT/CALORIC/H2O
409492834,ELECT/CALORIC/H2O
409131230,ANALGESICS
409909335,ANALGESICS
409909332,ANALGESICS
78065935,CARDIOVASCULAR
264780010,ELECT/CALORIC/H2O
338004911,ELECT/CALORIC/H2O
338004911,ELECT/CALORIC/H2O
409128331,ANALGESICS
378015001,DIURETICS
338004902,ELECT/CALORIC/H2O
409798325,ELECT/CALORIC/H2O
904027060,VITAMINS
641614910,AUTONOMIC DRUGS
409909332,ANALGESICS
264751020,ELECT/CALORIC/H2O
338634602,ELECT/CALORIC/H2O
641611710,ANTIBIOTICS
641612525,ANALGESICS
54408425,IMMUNOSUPPRESSANTS
169255013,ANTIHYPERGLYCEMICS
338081104,ELECT/CALORIC/H2O
641047725,SEDATIVE/HYPNOTICS
338040903,CARDIAC DRUGS
703040402,UNCLASSIFIED DRUG PRODUCTS
409339004,ANTIBIOTICS
143993801,ANTIBIOTICS
409490234,ELECT/CALORIC/H2O
338601048,CARDIAC DRUGS
93819201,GASTROINTESTINAL
409477702,ANTIBIOTICS
409128331,ANALGESICS
409798437,ELECT/CALORIC/H2O
264780010,ELECT/CALORIC/H2O
338630403,ELECT/CALORIC/H2O
338105102,CARDIAC DRUGS
409148402,CARDIAC DRUGS
338105102,CARDIAC DRUGS
641037625,ANTIHISTAMINES
338005403,ELECT/CALORIC/H2O
9023303,ANTIBIOTICS
409434673,BLOOD
517760425,ANTIASTHMATICS
409330803,ANTIASTHMATICS
517760425,ANTIASTHMATICS
143993801,ANTIBIOTICS
574080530,UNCLASSIFIED DRUG PRODUCTS
781543820,ANTIBIOTICS
338070341,ELECT/CALORIC/H2O
378026101,ANTIFUNGALS
781543820,ANTIBIOTICS
409130431,ANALGESICS
591557101,ANTIBIOTICS
409230521,ANESTHETICS
781345196,ANTIBIOTICS
185013001,DIURETICS
409117101,CARDIAC DRUGS
781210401,IMMUNOSUPPRESSANTS
641614910,AUTONOMIC DRUGS
54355663,ANALGESICS
338519741,GASTROINTESTINAL
185013001,DIURETICS
378087199,CARDIOVASCULAR
409330803,ANTIASTHMATICS
338004903,ELECT/CALORIC/H2O
338004904,ELECT/CALORIC/H2O
338630403,ELECT/CALORIC/H2O
338055318,ELECT/CALORIC/H2O
641141035,CARDIAC DRUGS
39022110,ANTIHYPERGLYCEMICS
409793009,ELECT/CALORIC/H2O
781317796,ANTIBIOTICS
264751020,ELECT/CALORIC/H2O
338001703,ELECT/CALORIC/H2O
338001738,ELECT/CALORIC/H2O
409148402,CARDIAC DRUGS
487020101,ANTIASTHMATICS
703841104,CARDIOVASCULAR
527172874,ANESTHETICS
781317796,ANTIBIOTICS
781317796,ANTIBIOTICS
143967310,CNS DRUGS
173051801,UNCLASSIFIED DRUG PRODUCTS
378015001,DIURETICS
409490234,ELECT/CALORIC/H2O
409434610,BLOOD
574704512,ANALGESICS
143968025,GASTROINTESTINAL
409662502,ELECT/CALORIC/H2O
338004903,ELECT/CALORIC/H2O
338004904,ELECT/CALORIC/H2O
338004938,ELECT/CALORIC/H2O
409798361,ELECT/CALORIC/H2O
78069635,CARDIOVASCULAR
54355663,ANALGESICS
121064610,ANTIPARKINSON DRUGS
409909332,ANALGESICS
409909332,ANALGESICS
338001701,ELECT/CALORIC/H2O
338001704,ELECT/CALORIC/H2O
338001710,ELECT/CALORIC/H2O
409792203,ELECT/CALORIC/H2O
409955810,AUTONOMIC DRUGS
378015001,DIURETICS
409189001,ANALGESICS
338001704,ELECT/CALORIC/H2O
143967310,CNS DRUGS
54808425,IMMUNOSUPPRESSANTS
574402235,ANTIBIOTICS
409130431,ANALGESICS
378911293,CARDIAC DRUGS
409955810,AUTONOMIC DRUGS
591557101,ANTIBIOTICS
409909335,ANALGESICS
409909422,ANALGESICS
409128331,ANALGESICS
338107302,CARDIAC DRUGS
781315295,AUTONOMIC DRUGS
409233725,UNCLASSIFIED DRUG PRODUCTS
517760425,ANTIASTHMATICS
409330803,ANTIASTHMATICS
409230517,ANESTHETICS
409909422,ANALGESICS
409428201,ANESTHETICS
409428201,ANESTHETICS
409798361,ELECT/CALORIC/H2O
409798437,ELECT/CALORIC/H2O
781317796,ANTIBIOTICS
517460525,GASTROINTESTINAL
143968025,GASTROINTESTINAL
781320995,ANTIBIOTICS
264751010,ELECT/CALORIC/H2O
409610202,DIURETICS
338001702,ELECT/CALORIC/H2O
409610210,DIURETICS
338001710,ELECT/CALORIC/H2O
338001731,ELECT/CALORIC/H2O
338011704,ELECT/CALORIC/H2O
409427602,ANESTHETICS
338001731,ELECT/CALORIC/H2O
409792209,ELECT/CALORIC/H2O
338001738,ELECT/CALORIC/H2O
338634603,ELECT/CALORIC/H2O
409792225,ELECT/CALORIC/H2O
409909332,ANALGESICS
409909422,ANALGESICS
409212288,CARDIOVASCULAR
338004901,ELECT/CALORIC/H2O
338004904,ELECT/CALORIC/H2O
338004910,ELECT/CALORIC/H2O
338004911,ELECT/CALORIC/H2O
338004931,ELECT/CALORIC/H2O
338004938,ELECT/CALORIC/H2O
264400155,ELECT/CALORIC/H2O
54350547,ANESTHETICS
409798361,ELECT/CALORIC/H2O
264780020,ELECT/CALORIC/H2O
338004902,ELECT/CALORIC/H2O
338004904,ELECT/CALORIC/H2O
338004911,ELECT/CALORIC/H2O
338634602,ELECT/CALORIC/H2O
904404073,ANTIPLATELET DRUGS
942064104,ANTICOAGULANTS
409230517,ANESTHETICS
264751010,ELECT/CALORIC/H2O
409792203,ELECT/CALORIC/H2O
409792337,ELECT/CALORIC/H2O
409177805,CARDIOVASCULAR
409177805,CARDIOVASCULAR
409189001,ANALGESICS
409792209,ELECT/CALORIC/H2O
409792337,ELECT/CALORIC/H2O
338107302,CARDIAC DRUGS
781317796,ANTIBIOTICS
54408425,IMMUNOSUPPRESSANTS
409909335,ANALGESICS
409909335,ANALGESICS
54808425,IMMUNOSUPPRESSANTS
409226720,CARDIOVASCULAR
338630403,ELECT/CALORIC/H2O
338004903,ELECT/CALORIC/H2O
338004910,ELECT/CALORIC/H2O
338004931,ELECT/CALORIC/H2O
409798437,ELECT/CALORIC/H2O
409798361,ELECT/CALORIC/H2O
781320995,ANTIBIOTICS
409653301,ANTIBIOTICS
409233725,UNCLASSIFIED DRUG PRODUCTS
378026101,ANTIFUNGALS
338005403,ELECT/CALORIC/H2O
781320995,ANTIBIOTICS
409909335,ANALGESICS
517857510,CNS DRUGS
409427601,ANESTHETICS
409317801,ANESTHETICS
338105548,ANTIBIOTICS
904567661,PSYCHOTHERAPEUTIC DRUGS
338004904,ELECT/CALORIC/H2O
409707714,ELECT/CALORIC/H2O
143987510,CARDIAC DRUGS
781331495,ANTICOAGULANTS
781345196,ANTIBIOTICS
904404073,ANTIPLATELET DRUGS
338040903,CARDIAC DRUGS
472140016,ANTIHISTAMINES
264780010,ELECT/CALORIC/H2O
338004903,ELECT/CALORIC/H2O
409114405,CARDIAC DRUGS
409127332,PSYCHOTHERAPEUTIC DRUGS
409128331,ANALGESICS
338004938,ELECT/CALORIC/H2O
264310311,ANTIBIOTICS
264780010,ELECT/CALORIC/H2O
409126130,ANALGESICS
338005403,ELECT/CALORIC/H2O
338004902,ELECT/CALORIC/H2O
338004903,ELECT/CALORIC/H2O
338004938,ELECT/CALORIC/H2O
338630403,ELECT/CALORIC/H2O
264400155,ELECT/CALORIC/H2O
409233725,UNCLASSIFIED DRUG PRODUCTS
264780020,ELECT/CALORIC/H2O
264780010,ELECT/CALORIC/H2O
264780020,ELECT/CALORIC/H2O
338004901,ELECT/CALORIC/H2O
338004904,ELECT/CALORIC/H2O
338004911,ELECT/CALORIC/H2O
338630403,ELECT/CALORIC/H2O
338001701,ELECT/CALORIC/H2O
338001703,ELECT/CALORIC/H2O
338001710,ELECT/CALORIC/H2O
338001738,ELECT/CALORIC/H2O
409792225,ELECT/CALORIC/H2O
409909422,ANALGESICS
409490334,CARDIAC DRUGS
409663734,ELECT/CALORIC/H2O
409471332,ANESTHETICS
641602110,GASTROINTESTINAL
338634603,ELECT/CALORIC/H2O
409792225,ELECT/CALORIC/H2O
338012504,ELECT/CALORIC/H2O
409379301,ANALGESICS
409795309,ELECT/CALORIC/H2O
409955810,AUTONOMIC DRUGS
781340895,ANTIBIOTICS
781940895,ANTIBIOTICS
409798437,ELECT/CALORIC/H2O
143968125,GASTROINTESTINAL
641607825,GASTROINTESTINAL
517101025,GASTROINTESTINAL
641092825,ANTIHISTAMINES
409909422,ANALGESICS
409798325,ELECT/CALORIC/H2O
264400155,ELECT/CALORIC/H2O
143968125,GASTROINTESTINAL
517460525,GASTROINTESTINAL
409230517,ANESTHETICS
409230521,ANESTHETICS
781331495,ANTICOAGULANTS
338050941,ANTIBIOTICS
409115902,ANESTHETICS
409492834,ELECT/CALORIC/H2O
781345196,ANTIBIOTICS
409792337,ELECT/CALORIC/H2O
703450204,GASTROINTESTINAL
121048910,ANTIHISTAMINES
641606010,ANESTHETICS
641600810,DIURETICS
409190201,CARDIAC DRUGS
781340795,ANTIBIOTICS
338022104,ELECT/CALORIC/H2O
9023303,ANTIBIOTICS
143972905,ANTIPARKINSON DRUGS
409141210,DIURETICS
409909335,ANALGESICS
338004902,ELECT/CALORIC/H2O
409798325,ELECT/CALORIC/H2O
338004902,ELECT/CALORIC/H2O
409230521,ANESTHETICS
409230521,ANESTHETICS
409317802,ANESTHETICS
409176230,ANALGESICS
641604610,SEDATIVE/HYPNOTICS
338012504,ELECT/CALORIC/H2O
338012504,ELECT/CALORIC/H2O
409176230,ANALGESICS
264780010,ELECT/CALORIC/H2O
264780020,ELECT/CALORIC/H2O
338001701,ELECT/CALORIC/H2O
338001702,ELECT/CALORIC/H2O
338001703,ELECT/CALORIC/H2O
264751010,ELECT/CALORIC/H2O
487950101,ANTIASTHMATICS
409592101,ANTIASTHMATICS
338350341,ANTIBIOTICS
409230517,ANESTHETICS
409130431,ANALGESICS
409492134,AUTONOMIC DRUGS
409724101,AUTONOMIC DRUGS
781345295,ANTIBIOTICS
904617261,CNS DRUGS
781543820,ANTIBIOTICS
409468823,ANTIFUNGALS
54329446,DIURETICS
143998303,ANTIBIOTICS
487980125,ANTIASTHMATICS
641139735,PSYCHOTHERAPEUTIC DRUGS
409427501,ANESTHETICS
143989701,ANTIBIOTICS
93819201,GASTROINTESTINAL
338004931,ELECT/CALORIC/H2O
409798361,ELECT/CALORIC/H2O
409475503,GASTROINTESTINAL
641608025,GASTROINTESTINAL
93417773,ANTIBIOTICS
409662502,ELECT/CALORIC/H2O
338001702,ELECT/CALORIC/H2O
338001704,ELECT/CALORIC/H2O
641036725,HORMONES
338634602,ELECT/CALORIC/H2O
641037625,ANTIHISTAMINES
409909332,ANALGESICS
338634603,ELECT/CALORIC/H2O
338004901,ELECT/CALORIC/H2O
409792203,ELECT/CALORIC/H2O
338004903,ELECT/CALORIC/H2O
338004910,ELECT/CALORIC/H2O
185013001,DIURETICS
338004931,ELECT/CALORIC/H2O
338004938,ELECT/CALORIC/H2O
338630403,ELECT/CALORIC/H2O
409116202,ANESTHETICS
409798325,ELECT/CALORIC/H2O
409798437,ELECT/CALORIC/H2O
409491134,GASTROINTESTINAL
472140016,ANTIHISTAMINES
338068304,ELECT/CALORIC/H2O
378015001,DIURETICS
517030110,UNCLASSIFIED DRUG PRODUCTS
121177510,COUGH/COLD PREPARATIONS
517003125,VITAMINS
781315295,AUTONOMIC DRUGS
409428201,ANESTHETICS
338067504,ELECT/CALORIC/H2O
409116201,ANESTHETICS
121177505,COUGH/COLD PREPARATIONS
409955810,AUTONOMIC DRUGS
93894001,ANTIVIRALS
409379501,ANALGESICS
409226720,CARDIOVASCULAR
409781124,ANTIBIOTICS
338008504,ELECT/CALORIC/H2O
338004910,ELECT/CALORIC/H2O
338004911,ELECT/CALORIC/H2O
338067104,ELECT/CALORIC/H2O
409798325,ELECT/CALORIC/H2O
338008904,ELECT/CALORIC/H2O
409490234,ELECT/CALORIC/H2O
409341401,GASTROINTESTINAL
143967310,CNS DRUGS
143967310,CNS DRUGS
338051141,ANTIBIOTICS
409401101,CARDIAC DRUGS
904404073,ANTIPLATELET DRUGS
9379401,CARDIAC DRUGS
409177805,CARDIOVASCULAR
409230517,ANESTHETICS
409230521,ANESTHETICS
121476605,ELECT/CALORIC/H2O
409233725,UNCLASSIFIED DRUG PRODUCTS
338069104,ELECT/CALORIC/H2O
338007704,ELECT/CALORIC/H2O
781312595,ANTIBIOTICS
409146301,ANALGESICS
641614910,AUTONOMIC DRUGS
409148402,CARDIAC DRUGS
409212288,CARDIOVASCULAR
527142636,ANALGESICS
338080304,ELECT/CALORIC/H2O
409121501,ANTIDOTES
338081104,ELECT/CALORIC/H2O
264780010,ELECT/CALORIC/H2O
781340495,ANTIBIOTICS
143993801,ANTIBIOTICS
93415573,ANTIBIOTICS
264751020,ELECT/CALORIC/H2O
338001731,ELECT/CALORIC/H2O
409792209,ELECT/CALORIC/H2O
409909332,ANALGESICS
338004304,ELECT/CALORIC/H2O
641047625,SEDATIVE/HYPNOTICS
143978410,UNCLASSIFIED DRUG PRODUCTS
168020437,ANESTHETICS
409080601,ANTIBIOTICS
409610204,DIURETICS
517760425,ANTIASTHMATICS
338001738,ELECT/CALORIC/H2O
264751020,ELECT/CALORIC/H2O
338001704,ELECT/CALORIC/H2O
23585318,GASTROINTESTINAL
338601048,CARDIAC DRUGS
338601048,CARDIAC DRUGS
29152611,ANTIBIOTICS
641141035,CARDIAC DRUGS
703841104,CARDIOVASCULAR
781317796,ANTIBIOTICS
781320895,ANTIBIOTICS
338519741,GASTROINTESTINAL
781320695,ANTIBIOTICS
93412773,ANTIBIOTICS
172541360,ANTIFUNGALS
703102930,ANTIFUNGALS
409263405,ANALGESICS
517271025,ELECT/CALORIC/H2O
409793519,ELECT/CALORIC/H2O
409793519,ELECT/CALORIC/H2O
409226720,CARDIOVASCULAR
378026101,ANTIFUNGALS
409427902,ANESTHETICS
781312495,ANTIBIOTICS
409492834,ELECT/CALORIC/H2O
781317796,ANTIBIOTICS
409909422,ANALGESICS
54418425,HORMONES
338001703,ELECT/CALORIC/H2O
338001731,ELECT/CALORIC/H2O
121478505,ANTIFUNGALS
338001710,ELECT/CALORIC/H2O
409792203,ELECT/CALORIC/H2O
409792209,ELECT/CALORIC/H2O
264751020,ELECT/CALORIC/H2O
409779362,ANTICOAGULANTS
409263450,ANALGESICS
781210301,IMMUNOSUPPRESSANTS
338011704,ELECT/CALORIC/H2O
338011704,ELECT/CALORIC/H2O
143987201,CARDIOVASCULAR
904585261,ANTIHISTAMINES
143967310,CNS DRUGS
409427701,ANESTHETICS
409318201,ANESTHETICS
409317701,ANESTHETICS
338011704,ELECT/CALORIC/H2O
409403101,DIURETICS
781345196,ANTIBIOTICS
781345196,ANTIBIOTICS
781320895,ANTIBIOTICS
409190301,CARDIAC DRUGS
409909335,ANALGESICS
409909422,ANALGESICS
517460525,GASTROINTESTINAL
517271025,ELECT/CALORIC/H2O
338519741,GASTROINTESTINAL
409663734,ELECT/CALORIC/H2O
781210201,IMMUNOSUPPRESSANTS
591557101,ANTIBIOTICS
781210401,IMMUNOSUPPRESSANTS
591557101,ANTIBIOTICS
409909335,ANALGESICS
409909332,ANALGESICS
781345196,ANTIBIOTICS
409341401,GASTROINTESTINAL
703450204,GASTROINTESTINAL
338634602,ELECT/CALORIC/H2O
409233725,UNCLASSIFIED DRUG PRODUCTS
409909332,ANALGESICS
338001704,ELECT/CALORIC/H2O
338634602,ELECT/CALORIC/H2O
409792203,ELECT/CALORIC/H2O
264751020,ELECT/CALORIC/H2O
338001701,ELECT/CALORIC/H2O
409492134,AUTONOMIC DRUGS
143968025,GASTROINTESTINAL
121063810,COUGH/COLD PREPARATIONS
603150858,SEDATIVE/HYPNOTICS
641047725,SEDATIVE/HYPNOTICS
641614225,CARDIOVASCULAR
409120703,ANTIBIOTICS
904530661,ANTIHISTAMINES
264958720,ANTICOAGULANTS
24159601,ANTIINFECTIVES/MISCELLANEOUS
517420125,ANTIHISTAMINES
703450204,GASTROINTESTINAL
904563261,CNS DRUGS
409341401,GASTROINTESTINAL
703450204,GASTROINTESTINAL
409663734,ELECT/CALORIC/H2O
409492134,AUTONOMIC DRUGS
264780010,ELECT/CALORIC/H2O
338004931,ELECT/CALORIC/H2O
409798361,ELECT/CALORIC/H2O
409798437,ELECT/CALORIC/H2O
264780020,ELECT/CALORIC/H2O
904563261,CNS DRUGS
264780020,ELECT/CALORIC/H2O
338004904,ELECT/CALORIC/H2O
338004911,ELECT/CALORIC/H2O
409130431,ANALGESICS
338001702,ELECT/CALORIC/H2O
338001731,ELECT/CALORIC/H2O
338001701,ELECT/CALORIC/H2O
378026101,ANTIFUNGALS
641049325,CNS DRUGS
409795309,ELECT/CALORIC/H2O
409177805,CARDIOVASCULAR
409795309,ELECT/CALORIC/H2O
703450204,GASTROINTESTINAL
409724101,AUTONOMIC DRUGS
54408425,IMMUNOSUPPRESSANTS
54808425,IMMUNOSUPPRESSANTS
409205105,ANESTHETICS
409177805,CARDIOVASCULAR
378252093,ANTIFUNGALS
409341401,GASTROINTESTINAL
409131230,ANALGESICS
409795309,ELECT/CALORIC/H2O
93414664,ANTIASTHMATICS
409427001,ANESTHETICS
409471332,ANESTHETICS
54352763,PSYCHOTHERAPEUTIC DRUGS
781320995,ANTIBIOTICS
338001704,ELECT/CALORIC/H2O
338634602,ELECT/CALORIC/H2O
264751010,ELECT/CALORIC/H2O
338001702,ELECT/CALORIC/H2O
338001703,ELECT/CALORIC/H2O
338001731,ELECT/CALORIC/H2O
409792225,ELECT/CALORIC/H2O
54005746,CARDIAC DRUGS
54005746,CARDIAC DRUGS
54005746,CARDIAC DRUGS
338004903,ELECT/CALORIC/H2O
338004904,ELECT/CALORIC/H2O
338004931,ELECT/CALORIC/H2O
338004938,ELECT/CALORIC/H2O
264400155,ELECT/CALORIC/H2O
517271025,ELECT/CALORIC/H2O
781317796,ANTIBIOTICS
904563261,CNS DRUGS
409909335,ANALGESICS
409909332,ANALGESICS
409909422,ANALGESICS
338001701,ELECT/CALORIC/H2O
338001738,ELECT/CALORIC/H2O
409792225,ELECT/CALORIC/H2O
338601048,CARDIAC DRUGS
338001702,ELECT/CALORIC/H2O
338001738,ELECT/CALORIC/H2O
338634603,ELECT/CALORIC/H2O
338001738,ELECT/CALORIC/H2O
363069338,GASTROINTESTINAL
378015001,DIURETICS
338080704,ELECT/CALORIC/H2O
641604610,SEDATIVE/HYPNOTICS
54355663,ANALGESICS
338002304,ELECT/CALORIC/H2O
143968125,GASTROINTESTINAL
338105102,CARDIAC DRUGS
409490334,CARDIAC DRUGS
641604610,SEDATIVE/HYPNOTICS
641047625,SEDATIVE/HYPNOTICS
409190201,CARDIAC DRUGS
264780010,ELECT/CALORIC/H2O
338004931,ELECT/CALORIC/H2O
338004938,ELECT/CALORIC/H2O
409403101,DIURETICS
409798437,ELECT/CALORIC/H2O
264780010,ELECT/CALORIC/H2O
338004911,ELECT/CALORIC/H2O
338004938,ELECT/CALORIC/H2O
338630403,ELECT/CALORIC/H2O
409798325,ELECT/CALORIC/H2O
338001731,ELECT/CALORIC/H2O
338001738,ELECT/CALORIC/H2O
338001701,ELECT/CALORIC/H2O
338001710,ELECT/CALORIC/H2O
338634602,ELECT/CALORIC/H2O
409792203,ELECT/CALORIC/H2O
409792337,ELECT/CALORIC/H2O
264751010,ELECT/CALORIC/H2O
338634603,ELECT/CALORIC/H2O
409792225,ELECT/CALORIC/H2O
264751010,ELECT/CALORIC/H2O
409427001,ANESTHETICS
409427902,ANESTHETICS
409729501,ELECT/CALORIC/H2O
264751010,ELECT/CALORIC/H2O
409792203,ELECT/CALORIC/H2O
409792209,ELECT/CALORIC/H2O
143968025,GASTROINTESTINAL
517460525,GASTROINTESTINAL
172436560,CARDIOVASCULAR
121054410,GASTROINTESTINAL
409909335,ANALGESICS
13830304,EENT PREPS
409663734,ELECT/CALORIC/H2O
409492134,AUTONOMIC DRUGS
409492134,AUTONOMIC DRUGS
54352763,PSYCHOTHERAPEUTIC DRUGS
264400155,ELECT/CALORIC/H2O
338004910,ELECT/CALORIC/H2O
338630403,ELECT/CALORIC/H2O
338004901,ELECT/CALORIC/H2O
338004910,ELECT/CALORIC/H2O
409798325,ELECT/CALORIC/H2O
409798361,ELECT/CALORIC/H2O
264751020,ELECT/CALORIC/H2O
338001701,ELECT/CALORIC/H2O
338001702,ELECT/CALORIC/H2O
409792209,ELECT/CALORIC/H2O
409792225,ELECT/CALORIC/H2O
264751020,ELECT/CALORIC/H2O
338001704,ELECT/CALORIC/H2O
338634602,ELECT/CALORIC/H2O
264751010,ELECT/CALORIC/H2O
409909332,ANALGESICS
409909332,ANALGESICS
409909422,ANALGESICS
54352763,PSYCHOTHERAPEUTIC DRUGS
409113002,ELECT/CALORIC/H2O
338001710,ELECT/CALORIC/H2O
409792209,ELECT/CALORIC/H2O
409792225,ELECT/CALORIC/H2O
409792337,ELECT/CALORIC/H2O
264751010,ELECT/CALORIC/H2O
338001703,ELECT/CALORIC/H2O
338001704,ELECT/CALORIC/H2O
338634602,ELECT/CALORIC/H2O
409792337,ELECT/CALORIC/H2O
264780020,ELECT/CALORIC/H2O
338004903,ELECT/CALORIC/H2O
54350547,ANESTHETICS
338001702,ELECT/CALORIC/H2O
409114102,ELECT/CALORIC/H2O
338004901,ELECT/CALORIC/H2O
338004902,ELECT/CALORIC/H2O
338004904,ELECT/CALORIC/H2O
338004303,ELECT/CALORIC/H2O
409793519,ELECT/CALORIC/H2O
409793519,ELECT/CALORIC/H2O
143968125,GASTROINTESTINAL
338004911,ELECT/CALORIC/H2O
93720656,PSYCHOTHERAPEUTIC DRUGS
409341401,GASTROINTESTINAL
52010730,PSYCHOTHERAPEUTIC DRUGS
409798437,ELECT/CALORIC/H2O
703450204,GASTROINTESTINAL
168020437,ANESTHETICS
338001703,ELECT/CALORIC/H2O
338001710,ELECT/CALORIC/H2O
338005403,ELECT/CALORIC/H2O
338005403,ELECT/CALORIC/H2O
517611025,ELECT/CALORIC/H2O
409739172,ELECT/CALORIC/H2O
409909422,ANALGESICS
409909335,ANALGESICS
338001731,ELECT/CALORIC/H2O
338634603,ELECT/CALORIC/H2O
409792337,ELECT/CALORIC/H2O
338004903,ELECT/CALORIC/H2O
409798325,ELECT/CALORIC/H2O
406324301,ANALGESICS
406324301,ANALGESICS
406324301,ANALGESICS
406055262,ANALGESICS
406051262,ANALGESICS
93031101,GASTROINTESTINAL
2751001,ANTIHYPERGLYCEMICS
54873925,HORMONES
904644461,ANALGESICS
904644461,ANALGESICS
597004660,ANTIVIRALS
54817925,HORMONES
338004901,ELECT/CALORIC/H2O
338004910,ELECT/CALORIC/H2O
338519741,GASTROINTESTINAL
338004901,ELECT/CALORIC/H2O
338004902,ELECT/CALORIC/H2O
338004910,ELECT/CALORIC/H2O
409798361,ELECT/CALORIC/H2O
409663734,ELECT/CALORIC/H2O
409492134,AUTONOMIC DRUGS
54352763,PSYCHOTHERAPEUTIC DRUGS
338004911,ELECT/CALORIC/H2O
338004938,ELECT/CALORIC/H2O
409798325,ELECT/CALORIC/H2O
264400155,ELECT/CALORIC/H2O
904635361,ANTIBIOTICS
409341401,GASTROINTESTINAL
15340420,ANTINEOPLASTICS
409663734,ELECT/CALORIC/H2O
264400155,ELECT/CALORIC/H2O
264780020,ELECT/CALORIC/H2O
338004931,ELECT/CALORIC/H2O
338634603,ELECT/CALORIC/H2O
409792337,ELECT/CALORIC/H2O
264751020,ELECT/CALORIC/H2O
338634603,ELECT/CALORIC/H2O
409792209,ELECT/CALORIC/H2O
338634602,ELECT/CALORIC/H2O
338634603,ELECT/CALORIC/H2O
409792337,ELECT/CALORIC/H2O
264751020,ELECT/CALORIC/H2O
338001701,ELECT/CALORIC/H2O
338040903,CARDIAC DRUGS
54817925,HORMONES
904531360,PRE-NATAL VITAMINS
78012705,PSYCHOTHERAPEUTIC DRUGS
78012706,PSYCHOTHERAPEUTIC DRUGS
591319872,ANALGESICS
378087299,CARDIOVASCULAR
378087399,CARDIOVASCULAR
93031101,GASTROINTESTINAL
378911998,ANALGESICS
703523313,ANTINEOPLASTICS
378087199,CARDIOVASCULAR
409663734,ELECT/CALORIC/H2O
338004902,ELECT/CALORIC/H2O
338630403,ELECT/CALORIC/H2O
338004902,ELECT/CALORIC/H2O
338630403,ELECT/CALORIC/H2O
409798361,ELECT/CALORIC/H2O
54817925,HORMONES
93031101,GASTROINTESTINAL
409798437,ELECT/CALORIC/H2O
338004903,ELECT/CALORIC/H2O
338001710,ELECT/CALORIC/H2O
338004904,ELECT/CALORIC/H2O
338001738,ELECT/CALORIC/H2O
338001703,ELECT/CALORIC/H2O
409792203,ELECT/CALORIC/H2O
409792209,ELECT/CALORIC/H2O
409792225,ELECT/CALORIC/H2O
338001703,ELECT/CALORIC/H2O
338040903,CARDIAC DRUGS
409477750,ANTIBIOTICS
409792337,ELECT/CALORIC/H2O
264751010,ELECT/CALORIC/H2O
338001731,ELECT/CALORIC/H2O
338001702,ELECT/CALORIC/H2O
338040903,CARDIAC DRUGS
338005403,ELECT/CALORIC/H2O
781149731,ANTIBIOTICS
93117201,ANTIBIOTICS
185001001,CARDIOVASCULAR
378207201,CARDIOVASCULAR
93003901,CNS DRUGS
409663734,ELECT/CALORIC/H2O
54855324,ANALGESICS
409131230,ANALGESICS
406575562,ANALGESICS
781523864,GASTROINTESTINAL
54873925,HORMONES
406051262,ANALGESICS
703523313,ANTINEOPLASTICS
703523313,ANTINEOPLASTICS
409427602,ANESTHETICS
409663734,ELECT/CALORIC/H2O
409131230,ANALGESICS
168001135,ANTIBIOTICS
338001731,ELECT/CALORIC/H2O
409792203,ELECT/CALORIC/H2O
338001704,ELECT/CALORIC/H2O
338001702,ELECT/CALORIC/H2O
338001704,ELECT/CALORIC/H2O
409792203,ELECT/CALORIC/H2O
338001710,ELECT/CALORIC/H2O
409792209,ELECT/CALORIC/H2O
409792225,ELECT/CALORIC/H2O
338001701,ELECT/CALORIC/H2O
338001703,ELECT/CALORIC/H2O
338001710,ELECT/CALORIC/H2O
338001738,ELECT/CALORIC/H2O
338634603,ELECT/CALORIC/H2O
338040903,CARDIAC DRUGS
9076004,ANTIBIOTICS
409350601,ANTIBIOTICS
378207201,CARDIOVASCULAR
904639161,CARDIOVASCULAR
904628361,PSYCHOTHERAPEUTIC DRUGS
54449625,UNCLASSIFIED DRUG PRODUCTS
904627761,PSYCHOTHERAPEUTIC DRUGS
904567661,PSYCHOTHERAPEUTIC DRUGS
172436560,CARDIOVASCULAR
603390121,HORMONES
603390121,HORMONES
143125401,HORMONES
54449625,UNCLASSIFIED DRUG PRODUCTS
93874001,CARDIAC DRUGS
603390121,HORMONES
781176413,PSYCHOTHERAPEUTIC DRUGS
904531360,PRE-NATAL VITAMINS
703443411,ANTINEOPLASTICS
703485211,ANTINEOPLASTICS
409131230,ANALGESICS
591319872,ANALGESICS
591352530,ANESTHETICS
591352530,ANESTHETICS
378087299,CARDIOVASCULAR
378911916,ANALGESICS
378087199,CARDIOVASCULAR
378087199,CARDIOVASCULAR
78051005,CNS DRUGS
904634061,CARDIOVASCULAR
54855324,ANALGESICS
378001805,CARDIOVASCULAR
904634061,CARDIOVASCULAR
703424801,ANTINEOPLASTICS
409663734,ELECT/CALORIC/H2O
409115902,ANESTHETICS
54458111,ANTINEOPLASTICS
591319872,ANALGESICS
406575562,ANALGESICS
781523864,GASTROINTESTINAL
54023524,ANALGESICS
54023525,ANALGESICS
93046301,CNS DRUGS
54023624,ANALGESICS
93423701,CARDIOVASCULAR
93046301,CNS DRUGS
904563261,CNS DRUGS
228249710,CARDIAC DRUGS
904628361,PSYCHOTHERAPEUTIC DRUGS
904628361,PSYCHOTHERAPEUTIC DRUGS
781570192,CARDIOVASCULAR
781570192,CARDIOVASCULAR
93576956,PSYCHOTHERAPEUTIC DRUGS
93874101,CARDIAC DRUGS
378087399,CARDIOVASCULAR
378911998,ANALGESICS
378911916,ANALGESICS
54005746,CARDIAC DRUGS
409490234,ELECT/CALORIC/H2O
93417773,ANTIBIOTICS
904504561,CARDIOVASCULAR
93576956,PSYCHOTHERAPEUTIC DRUGS
781197501,PSYCHOTHERAPEUTIC DRUGS
121059530,ELECT/CALORIC/H2O
143987201,CARDIOVASCULAR
904020161,PSYCHOTHERAPEUTIC DRUGS
406575562,ANALGESICS
54855324,ANALGESICS
406055262,ANALGESICS
904644461,ANALGESICS
406051262,ANALGESICS
406055262,ANALGESICS
378087399,CARDIOVASCULAR
378911998,ANALGESICS
378911916,ANALGESICS
378001805,CARDIOVASCULAR
54873925,HORMONES
781345196,ANTIBIOTICS
904634061,CARDIOVASCULAR
409339004,ANTIBIOTICS
54009720,CNS DRUGS
54009720,CNS DRUGS
93423701,CARDIOVASCULAR
54023524,ANALGESICS
54023525,ANALGESICS
54023624,ANALGESICS
93423701,CARDIOVASCULAR
228249710,CARDIAC DRUGS
904567861,PSYCHOTHERAPEUTIC DRUGS
904628361,PSYCHOTHERAPEUTIC DRUGS
781570192,CARDIOVASCULAR
904628361,PSYCHOTHERAPEUTIC DRUGS
904637661,PSYCHOTHERAPEUTIC DRUGS
904637761,PSYCHOTHERAPEUTIC DRUGS
904636961,CARDIAC DRUGS
54312041,VITAMINS
54317644,HORMONES
781197501,PSYCHOTHERAPEUTIC DRUGS
781197201,PSYCHOTHERAPEUTIC DRUGS
527172874,ANESTHETICS
54319446,GASTROINTESTINAL
93312301,ANTIBIOTICS
904637761,PSYCHOTHERAPEUTIC DRUGS
93312501,ANTIBIOTICS
93312301,ANTIBIOTICS
93312501,ANTIBIOTICS
904561061,CARDIOVASCULAR
904561061,CARDIOVASCULAR
378001805,CARDIOVASCULAR
409427601,ANESTHETICS
904634061,CARDIOVASCULAR
378001805,CARDIOVASCULAR
904782231,ANTIFUNGALS
54458111,ANTINEOPLASTICS
54458111,ANTINEOPLASTICS
135019502,SMOKING DETERRENTS
78012606,PSYCHOTHERAPEUTIC DRUGS
310032520,ANTIBIOTICS
54355663,ANALGESICS
904020161,PSYCHOTHERAPEUTIC DRUGS
904020161,PSYCHOTHERAPEUTIC DRUGS
781345196,ANTIBIOTICS
904637761,PSYCHOTHERAPEUTIC DRUGS
904637761,PSYCHOTHERAPEUTIC DRUGS
93874001,CARDIAC DRUGS
93576956,PSYCHOTHERAPEUTIC DRUGS
185077130,CARDIOVASCULAR
93874101,CARDIAC DRUGS
93874001,CARDIAC DRUGS
93874101,CARDIAC DRUGS
406831562,ANALGESICS
406831562,ANALGESICS
406833062,ANALGESICS
406833062,ANALGESICS
93576956,PSYCHOTHERAPEUTIC DRUGS
904561061,CARDIOVASCULAR
904550261,CARDIOVASCULAR
904629461,ANTIPLATELET DRUGS
904550261,CARDIOVASCULAR
93610812,PSYCHOTHERAPEUTIC DRUGS
93610812,PSYCHOTHERAPEUTIC DRUGS
703480501,UNCLASSIFIED DRUG PRODUCTS
409018101,ANTINEOPLASTICS
409121501,ANTIDOTES
409020120,ANTINEOPLASTICS
904629461,ANTIPLATELET DRUGS
703315401,ANTINEOPLASTICS
781345196,ANTIBIOTICS
591352530,ANESTHETICS
378087299,CARDIOVASCULAR
6394132,GASTROINTESTINAL
904636961,CARDIAC DRUGS
904636961,CARDIAC DRUGS
904504561,CARDIOVASCULAR
54312041,VITAMINS
54001021,CARDIAC DRUGS
54024424,ANALGESICS
904637661,PSYCHOTHERAPEUTIC DRUGS
781197501,PSYCHOTHERAPEUTIC DRUGS
781197201,PSYCHOTHERAPEUTIC DRUGS
781197201,PSYCHOTHERAPEUTIC DRUGS
93423701,CARDIOVASCULAR
93423701,CARDIOVASCULAR
93423701,CARDIOVASCULAR
781627043,CNS DRUGS
781627043,CNS DRUGS
54009920,CNS DRUGS
904567661,PSYCHOTHERAPEUTIC DRUGS
54009920,CNS DRUGS
54009920,CNS DRUGS
54009920,CNS DRUGS
54009720,CNS DRUGS
904282161,UNCLASSIFIED DRUG PRODUCTS
228249710,CARDIAC DRUGS
904282161,UNCLASSIFIED DRUG PRODUCTS
904282161,UNCLASSIFIED DRUG PRODUCTS
703315401,ANTINEOPLASTICS
703468501,ANTINEOPLASTICS
591564301,CARDIOVASCULAR
93316501,ANTIBIOTICS
591564301,CARDIOVASCULAR
904629461,ANTIPLATELET DRUGS
409131230,ANALGESICS
409131230,ANALGESICS
378037301,ANTIINFECTIVES/MISCELLANEOUS
185001001,CARDIOVASCULAR
143125401,HORMONES
143125401,HORMONES
781176413,PSYCHOTHERAPEUTIC DRUGS
93312301,ANTIBIOTICS
93312501,ANTIBIOTICS
904550261,CARDIOVASCULAR
409131230,ANALGESICS
703424801,ANTINEOPLASTICS
781325394,ANTINEOPLASTICS
781325394,ANTINEOPLASTICS
54001021,CARDIAC DRUGS
69303220,ANTINEOPLASTICS
904635361,ANTIBIOTICS
54006258,PSYCHOTHERAPEUTIC DRUGS
93117201,ANTIBIOTICS
93117201,ANTIBIOTICS
904282161,UNCLASSIFIED DRUG PRODUCTS
904568461,GASTROINTESTINAL
904567661,PSYCHOTHERAPEUTIC DRUGS
904628361,PSYCHOTHERAPEUTIC DRUGS
904567661,PSYCHOTHERAPEUTIC DRUGS
904628361,PSYCHOTHERAPEUTIC DRUGS
904637661,PSYCHOTHERAPEUTIC DRUGS
904637661,PSYCHOTHERAPEUTIC DRUGS
904567861,PSYCHOTHERAPEUTIC DRUGS
93576956,PSYCHOTHERAPEUTIC DRUGS
93576956,PSYCHOTHERAPEUTIC DRUGS
904567861,PSYCHOTHERAPEUTIC DRUGS
904567661,PSYCHOTHERAPEUTIC DRUGS
904637761,PSYCHOTHERAPEUTIC DRUGS
904637761,PSYCHOTHERAPEUTIC DRUGS
378207201,CARDIOVASCULAR
781176413,PSYCHOTHERAPEUTIC DRUGS
264780020,ELECT/CALORIC/H2O
172436560,CARDIOVASCULAR
591354060,PSYCHOTHERAPEUTIC DRUGS
121059530,ELECT/CALORIC/H2O
228249710,CARDIAC DRUGS
781320995,ANTIBIOTICS
555080802,ANTINEOPLASTICS
185075701,ANTIBIOTICS
904041161,CARDIOVASCULAR
904041161,CARDIOVASCULAR
574705050,GASTROINTESTINAL
378037301,ANTIINFECTIVES/MISCELLANEOUS
93003901,CNS DRUGS
93003901,CNS DRUGS
904627761,PSYCHOTHERAPEUTIC DRUGS
703418301,ANTINEOPLASTICS
54006258,PSYCHOTHERAPEUTIC DRUGS
409018101,ANTINEOPLASTICS
904608461,PSYCHOTHERAPEUTIC DRUGS
409121501,ANTIDOTES
904608461,PSYCHOTHERAPEUTIC DRUGS
904635361,ANTIBIOTICS
703574811,ANTINEOPLASTICS
69303420,ANTINEOPLASTICS
904637761,PSYCHOTHERAPEUTIC DRUGS
93576956,PSYCHOTHERAPEUTIC DRUGS
54009720,CNS DRUGS
54009920,CNS DRUGS
54009920,CNS DRUGS
904627961,PSYCHOTHERAPEUTIC DRUGS
781627043,CNS DRUGS
54009720,CNS DRUGS
904282161,UNCLASSIFIED DRUG PRODUCTS
904282161,UNCLASSIFIED DRUG PRODUCTS
54009720,CNS DRUGS
904628061,PSYCHOTHERAPEUTIC DRUGS
904568461,GASTROINTESTINAL
904567661,PSYCHOTHERAPEUTIC DRUGS
904627961,PSYCHOTHERAPEUTIC DRUGS
143148001,THYROID PREPS
904627961,PSYCHOTHERAPEUTIC DRUGS
591315901,GASTROINTESTINAL
143148001,THYROID PREPS
143148001,THYROID PREPS
904628061,PSYCHOTHERAPEUTIC DRUGS
904627861,PSYCHOTHERAPEUTIC DRUGS
904628061,PSYCHOTHERAPEUTIC DRUGS
904628061,PSYCHOTHERAPEUTIC DRUGS
904627761,PSYCHOTHERAPEUTIC DRUGS
904020161,PSYCHOTHERAPEUTIC DRUGS
904627761,PSYCHOTHERAPEUTIC DRUGS
904629461,ANTIPLATELET DRUGS
904627861,PSYCHOTHERAPEUTIC DRUGS
409116202,ANESTHETICS
703443411,ANTINEOPLASTICS
185001001,CARDIOVASCULAR
703514501,UNCLASSIFIED DRUG PRODUCTS
703514501,UNCLASSIFIED DRUG PRODUCTS
904639161,CARDIOVASCULAR
409121501,ANTIDOTES
54449625,UNCLASSIFIED DRUG PRODUCTS
904639161,CARDIOVASCULAR
409121501,ANTIDOTES
93046301,CNS DRUGS
904628361,PSYCHOTHERAPEUTIC DRUGS
904628361,PSYCHOTHERAPEUTIC DRUGS
904567861,PSYCHOTHERAPEUTIC DRUGS
904567861,PSYCHOTHERAPEUTIC DRUGS
904567661,PSYCHOTHERAPEUTIC DRUGS
904567861,PSYCHOTHERAPEUTIC DRUGS
338105548,ANTIBIOTICS
904041161,CARDIOVASCULAR
904628061,PSYCHOTHERAPEUTIC DRUGS
904627961,PSYCHOTHERAPEUTIC DRUGS
904627761,PSYCHOTHERAPEUTIC DRUGS
904627761,PSYCHOTHERAPEUTIC DRUGS
904628061,PSYCHOTHERAPEUTIC DRUGS
904627861,PSYCHOTHERAPEUTIC DRUGS
904627961,PSYCHOTHERAPEUTIC DRUGS
904627761,PSYCHOTHERAPEUTIC DRUGS
904627861,PSYCHOTHERAPEUTIC DRUGS
781320995,ANTIBIOTICS
409477750,ANTIBIOTICS
409477702,ANTIBIOTICS
143972124,ANTIBIOTICS
54009720,CNS DRUGS
904627961,PSYCHOTHERAPEUTIC DRUGS
54009720,CNS DRUGS
409795309,ELECT/CALORIC/H2O
338011704,ELECT/CALORIC/H2O
409795309,ELECT/CALORIC/H2O
338004904,ELECT/CALORIC/H2O
904627861,PSYCHOTHERAPEUTIC DRUGS
409798361,ELECT/CALORIC/H2O
517250210,CNS DRUGS
93316501,ANTIBIOTICS
904282161,UNCLASSIFIED DRUG PRODUCTS
904282161,UNCLASSIFIED DRUG PRODUCTS
904282161,UNCLASSIFIED DRUG PRODUCTS
904567661,PSYCHOTHERAPEUTIC DRUGS
904567661,PSYCHOTHERAPEUTIC DRUGS
904627761,PSYCHOTHERAPEUTIC DRUGS
338100702,AUTONOMIC DRUGS
574705050,GASTROINTESTINAL
338012504,ELECT/CALORIC/H2O
574705050,GASTROINTESTINAL
904627761,PSYCHOTHERAPEUTIC DRUGS
904627861,PSYCHOTHERAPEUTIC DRUGS
409428201,ANESTHETICS
597018390,ANTIPARKINSON DRUGS
409477750,ANTIBIOTICS
143972124,ANTIBIOTICS
409781124,ANTIBIOTICS
591079601,GASTROINTESTINAL
781320895,ANTIBIOTICS
591079601,GASTROINTESTINAL
409477702,ANTIBIOTICS
173094755,PSYCHOTHERAPEUTIC DRUGS
338004901,ELECT/CALORIC/H2O
338004902,ELECT/CALORIC/H2O
338004931,ELECT/CALORIC/H2O
264780010,ELECT/CALORIC/H2O
338630403,ELECT/CALORIC/H2O
409116201,ANESTHETICS
409798361,ELECT/CALORIC/H2O
409798437,ELECT/CALORIC/H2O
264400155,ELECT/CALORIC/H2O
338004903,ELECT/CALORIC/H2O
409428201,ANESTHETICS
338012504,ELECT/CALORIC/H2O
338012504,ELECT/CALORIC/H2O
536338101,GASTROINTESTINAL
904272561,ANTIBIOTICS
406114201,PSYCHOTHERAPEUTIC DRUGS
641606010,ANESTHETICS
54023525,ANALGESICS
54023624,ANALGESICS
378447201,IMMUNOSUPPRESSANTS
54016625,IMMUNOSUPPRESSANTS
574705050,GASTROINTESTINAL
378447201,IMMUNOSUPPRESSANTS
54016625,IMMUNOSUPPRESSANTS
121059530,ELECT/CALORIC/H2O
143972124,ANTIBIOTICS
378447201,IMMUNOSUPPRESSANTS
409653301,ANTIBIOTICS
143978510,CNS DRUGS
409491134,GASTROINTESTINAL
409491134,GASTROINTESTINAL
409491134,GASTROINTESTINAL
409492134,AUTONOMIC DRUGS
409492134,AUTONOMIC DRUGS
409490334,CARDIAC DRUGS
409490334,CARDIAC DRUGS
409798437,ELECT/CALORIC/H2O
409477702,ANTIBIOTICS
338012504,ELECT/CALORIC/H2O
338012504,ELECT/CALORIC/H2O
409909422,ANALGESICS
591079601,GASTROINTESTINAL
143978510,CNS DRUGS
409492834,ELECT/CALORIC/H2O
591079601,GASTROINTESTINAL
406114201,PSYCHOTHERAPEUTIC DRUGS
904272561,ANTIBIOTICS
641606010,ANESTHETICS
781320995,ANTIBIOTICS
781345196,ANTIBIOTICS
781317796,ANTIBIOTICS
185075701,ANTIBIOTICS
185075710,ANTIBIOTICS
185075701,ANTIBIOTICS
185075710,ANTIBIOTICS
228249710,CARDIAC DRUGS
338012504,ELECT/CALORIC/H2O
338011704,ELECT/CALORIC/H2O
781523964,GASTROINTESTINAL
781317796,ANTIBIOTICS
555080802,ANTINEOPLASTICS
409427001,ANESTHETICS
409427902,ANESTHETICS
409471332,ANESTHETICS
409471332,ANESTHETICS
409427001,ANESTHETICS
409427902,ANESTHETICS
409471332,ANESTHETICS
409427602,ANESTHETICS
409427601,ANESTHETICS
409427902,ANESTHETICS
409491134,GASTROINTESTINAL
54016625,IMMUNOSUPPRESSANTS
54016625,IMMUNOSUPPRESSANTS
378447201,IMMUNOSUPPRESSANTS
536338101,GASTROINTESTINAL
536338101,GASTROINTESTINAL
228249710,CARDIAC DRUGS
781320995,ANTIBIOTICS
781320995,ANTIBIOTICS
409739172,ELECT/CALORIC/H2O
409739172,ELECT/CALORIC/H2O
781320995,ANTIBIOTICS
781320995,ANTIBIOTICS
185075701,ANTIBIOTICS
904647461,GASTROINTESTINAL
93015506,CNS DRUGS
781523864,GASTROINTESTINAL
781523864,GASTROINTESTINAL
93015506,CNS DRUGS
143125001,GASTROINTESTINAL
603318021,GASTROINTESTINAL
603318021,GASTROINTESTINAL
703040402,UNCLASSIFIED DRUG PRODUCTS
703040402,UNCLASSIFIED DRUG PRODUCTS
143125001,GASTROINTESTINAL
93015506,CNS DRUGS
409490334,CARDIAC DRUGS
409491134,GASTROINTESTINAL
409491134,GASTROINTESTINAL
406051262,ANALGESICS
904647461,GASTROINTESTINAL
781315295,AUTONOMIC DRUGS
409131230,ANALGESICS
409779362,ANTICOAGULANTS
603318021,GASTROINTESTINAL
781315295,AUTONOMIC DRUGS
264958720,ANTICOAGULANTS
409779362,ANTICOAGULANTS
781345196,ANTIBIOTICS
781317796,ANTIBIOTICS
781345196,ANTIBIOTICS
409131230,ANALGESICS
409126130,ANALGESICS
781317796,ANTIBIOTICS
574705050,GASTROINTESTINAL
409795309,ELECT/CALORIC/H2O
574705050,GASTROINTESTINAL
603155404,ELECT/CALORIC/H2O
703040402,UNCLASSIFIED DRUG PRODUCTS
703040402,UNCLASSIFIED DRUG PRODUCTS
143125001,GASTROINTESTINAL
409427601,ANESTHETICS
409427601,ANESTHETICS
409427602,ANESTHETICS
409427601,ANESTHETICS
591315901,GASTROINTESTINAL
409427902,ANESTHETICS
93316501,ANTIBIOTICS
409131230,ANALGESICS
904617261,CNS DRUGS
703315401,ANTINEOPLASTICS
264958720,ANTICOAGULANTS
378015001,DIURETICS
378672705,CNS DRUGS
264958720,ANTICOAGULANTS
378015001,DIURETICS
386000802,ANESTHETICS
264780010,ELECT/CALORIC/H2O
338004938,ELECT/CALORIC/H2O
338001703,ELECT/CALORIC/H2O
409792337,ELECT/CALORIC/H2O
264751010,ELECT/CALORIC/H2O
264751020,ELECT/CALORIC/H2O
338001703,ELECT/CALORIC/H2O
409792225,ELECT/CALORIC/H2O
264751020,ELECT/CALORIC/H2O
409318201,ANESTHETICS
143125001,GASTROINTESTINAL
603318021,GASTROINTESTINAL
338004902,ELECT/CALORIC/H2O
409792203,ELECT/CALORIC/H2O
409792225,ELECT/CALORIC/H2O
591315901,GASTROINTESTINAL
338001702,ELECT/CALORIC/H2O
338001704,ELECT/CALORIC/H2O
338001710,ELECT/CALORIC/H2O
338001731,ELECT/CALORIC/H2O
409792337,ELECT/CALORIC/H2O
264751010,ELECT/CALORIC/H2O
338001701,ELECT/CALORIC/H2O
378672705,CNS DRUGS
264780010,ELECT/CALORIC/H2O
409798437,ELECT/CALORIC/H2O
338004904,ELECT/CALORIC/H2O
338004911,ELECT/CALORIC/H2O
409798361,ELECT/CALORIC/H2O
338004910,ELECT/CALORIC/H2O
338004910,ELECT/CALORIC/H2O
338630403,ELECT/CALORIC/H2O
409798361,ELECT/CALORIC/H2O
338012504,ELECT/CALORIC/H2O
338012504,ELECT/CALORIC/H2O
409909332,ANALGESICS
904617261,CNS DRUGS
517250210,CNS DRUGS
409724101,AUTONOMIC DRUGS
93681673,ANTIASTHMATICS
93681673,ANTIASTHMATICS
904600161,CNS DRUGS
264400155,ELECT/CALORIC/H2O
338004901,ELECT/CALORIC/H2O
338004904,ELECT/CALORIC/H2O
409798325,ELECT/CALORIC/H2O
409798361,ELECT/CALORIC/H2O
338001704,ELECT/CALORIC/H2O
409492134,AUTONOMIC DRUGS
378672705,CNS DRUGS
904020161,PSYCHOTHERAPEUTIC DRUGS
904020161,PSYCHOTHERAPEUTIC DRUGS
904617261,CNS DRUGS
904629461,ANTIPLATELET DRUGS
591079601,GASTROINTESTINAL
338011704,ELECT/CALORIC/H2O
591079601,GASTROINTESTINAL
409795309,ELECT/CALORIC/H2O
54009720,CNS DRUGS
338011704,ELECT/CALORIC/H2O
338012504,ELECT/CALORIC/H2O
338011704,ELECT/CALORIC/H2O
264400155,ELECT/CALORIC/H2O
409795309,ELECT/CALORIC/H2O
121476605,ELECT/CALORIC/H2O
904629461,ANTIPLATELET DRUGS
338004910,ELECT/CALORIC/H2O
338004911,ELECT/CALORIC/H2O
338004931,ELECT/CALORIC/H2O
338004938,ELECT/CALORIC/H2O
338630403,ELECT/CALORIC/H2O
409798325,ELECT/CALORIC/H2O
264780020,ELECT/CALORIC/H2O
264780020,ELECT/CALORIC/H2O
338004901,ELECT/CALORIC/H2O
338004904,ELECT/CALORIC/H2O
409798325,ELECT/CALORIC/H2O
409792209,ELECT/CALORIC/H2O
409427602,ANESTHETICS
517003125,VITAMINS
409724101,AUTONOMIC DRUGS
409491134,GASTROINTESTINAL
456430001,ANTIBIOTICS
406051262,ANALGESICS
703424801,ANTINEOPLASTICS
406051262,ANALGESICS
409491134,GASTROINTESTINAL
409492134,AUTONOMIC DRUGS
409490334,CARDIAC DRUGS
409427602,ANESTHETICS
264780010,ELECT/CALORIC/H2O
338004903,ELECT/CALORIC/H2O
338004910,ELECT/CALORIC/H2O
264400155,ELECT/CALORIC/H2O
338004901,ELECT/CALORIC/H2O
338004902,ELECT/CALORIC/H2O
338004903,ELECT/CALORIC/H2O
264400155,ELECT/CALORIC/H2O
338004902,ELECT/CALORIC/H2O
338004911,ELECT/CALORIC/H2O
338004931,ELECT/CALORIC/H2O
338004938,ELECT/CALORIC/H2O
338004938,ELECT/CALORIC/H2O
338004911,ELECT/CALORIC/H2O
338012504,ELECT/CALORIC/H2O
409909335,ANALGESICS
409663734,ELECT/CALORIC/H2O
338004903,ELECT/CALORIC/H2O
338004911,ELECT/CALORIC/H2O
338001702,ELECT/CALORIC/H2O
338001710,ELECT/CALORIC/H2O
338001731,ELECT/CALORIC/H2O
338001738,ELECT/CALORIC/H2O
338634603,ELECT/CALORIC/H2O
143978510,CNS DRUGS
338001701,ELECT/CALORIC/H2O
409427001,ANESTHETICS
65066505,EENT PREPS
409427001,ANESTHETICS
409471332,ANESTHETICS
409018101,ANTINEOPLASTICS
409018101,ANTINEOPLASTICS
781315295,AUTONOMIC DRUGS
264958720,ANTICOAGULANTS
409779362,ANTICOAGULANTS
378015001,DIURETICS
409131230,ANALGESICS
338630403,ELECT/CALORIC/H2O
409798325,ELECT/CALORIC/H2O
409798437,ELECT/CALORIC/H2O
338004903,ELECT/CALORIC/H2O
264780020,ELECT/CALORIC/H2O
338004901,ELECT/CALORIC/H2O
338004902,ELECT/CALORIC/H2O
338004931,ELECT/CALORIC/H2O
338004938,ELECT/CALORIC/H2O
264780010,ELECT/CALORIC/H2O
338004904,ELECT/CALORIC/H2O
409798325,ELECT/CALORIC/H2O
703040402,UNCLASSIFIED DRUG PRODUCTS
338001738,ELECT/CALORIC/H2O
409792203,ELECT/CALORIC/H2O
517083001,EENT PREPS
409492834,ELECT/CALORIC/H2O
264780020,ELECT/CALORIC/H2O
338004910,ELECT/CALORIC/H2O
338004931,ELECT/CALORIC/H2O
338630403,ELECT/CALORIC/H2O
597007575,ANTIASTHMATICS
781523964,GASTROINTESTINAL
409724101,AUTONOMIC DRUGS
409798437,ELECT/CALORIC/H2O
338634602,ELECT/CALORIC/H2O
409131230,ANALGESICS
409018101,ANTINEOPLASTICS
409779362,ANTICOAGULANTS
574012008,UNCLASSIFIED DRUG PRODUCTS
143978510,CNS DRUGS
7413920,CARDIOVASCULAR
93542088,HORMONES
93681673,ANTIASTHMATICS
93681673,ANTIASTHMATICS
25171001,DIURETICS
597019061,ANTIPARKINSON DRUGS
9001201,HORMONES
85128801,EENT PREPS
8083703,PSYCHOTHERAPEUTIC DRUGS
409117630,ANALGESICS
904629461,ANTIPLATELET DRUGS
29152725,ANTIBIOTICS
74568216,CNS DRUGS
409409201,ELECT/CALORIC/H2O
2850101,ANTIHYPERGLYCEMICS
338114703,ELECT/CALORIC/H2O
56017675,ANTICOAGULANTS
378041501,GASTROINTESTINAL
67810012,ANTIFUNGALS
65027105,ANTIHISTAMINES
13111410,BLOOD
93514001,UNCLASSIFIED DRUG PRODUCTS
409792209,ELECT/CALORIC/H2O
338634602,ELECT/CALORIC/H2O
338634603,ELECT/CALORIC/H2O
703424801,ANTINEOPLASTICS
517250210,CNS DRUGS
517250210,CNS DRUGS
641606010,ANESTHETICS
409724101,AUTONOMIC DRUGS
54023524,ANALGESICS
338005403,ELECT/CALORIC/H2O
904600161,CNS DRUGS
904600161,CNS DRUGS
71015640,CARDIOVASCULAR
65064725,ANTIBIOTICS
245014701,CARDIAC DRUGS
71015540,CARDIOVASCULAR
338001703,ELECT/CALORIC/H2O
409792203,ELECT/CALORIC/H2O
409792225,ELECT/CALORIC/H2O
56047492,ANTIVIRALS
206886002,ANTIBIOTICS
703040402,UNCLASSIFIED DRUG PRODUCTS
574012174,UNCLASSIFIED DRUG PRODUCTS
54009920,CNS DRUGS
75062040,ANTICOAGULANTS
4026001,IMMUNOSUPPRESSANTS
78024915,ANTINEOPLASTICS
37440101,ANTIARTHRITICS
409379501,ANALGESICS
264751020,ELECT/CALORIC/H2O
338001702,ELECT/CALORIC/H2O
338001710,ELECT/CALORIC/H2O
409792337,ELECT/CALORIC/H2O
406895801,AUTONOMIC DRUGS
597004724,ANTIVIRALS
71015740,CARDIOVASCULAR
555063509,HORMONES
378447201,IMMUNOSUPPRESSANTS
2445385,PSYCHOTHERAPEUTIC DRUGS
186198804,ANTIASTHMATICS
74395646,ANTIVIRALS
904635361,ANTIBIOTICS
536138912,GASTROINTESTINAL
703523313,ANTINEOPLASTICS
409779362,ANTICOAGULANTS
173066200,ANTIVIRALS
25152531,ANTIARTHRITICS
904627761,PSYCHOTHERAPEUTIC DRUGS
904628061,PSYCHOTHERAPEUTIC DRUGS
536478701,VITAMINS
93538506,ANTIVIRALS
456430008,ANTIBIOTICS
904627961,PSYCHOTHERAPEUTIC DRUGS
904386575,EENT PREPS
25145134,GASTROINTESTINAL
173052000,ANTIASTHMATICS
93408563,ANTIBIOTICS
54011625,ANTIPARKINSON DRUGS
56016975,ANTICOAGULANTS
56017275,ANTICOAGULANTS
409117830,ANALGESICS
74156410,CNS DRUGS
78049471,ANTIBIOTICS
187093801,ANTIPARKINSON DRUGS
409379301,ANALGESICS
469305130,ANTIFUNGALS
78033184,IMMUNOSUPPRESSANTS
338114403,ELECT/CALORIC/H2O
85117701,ANTIPLATELET DRUGS
75062300,ANTICOAGULANTS
54817925,HORMONES
904579461,ANTIHYPERGLYCEMICS
641037625,ANTIHISTAMINES
8103006,IMMUNOSUPPRESSANTS
264310311,ANTIBIOTICS
641601910,ANALGESICS
603358121,CARDIAC DRUGS
378672705,CNS DRUGS
591352530,ANESTHETICS
338004911,ELECT/CALORIC/H2O
409798325,ELECT/CALORIC/H2O
54009720,CNS DRUGS
904647061,PSYCHOTHERAPEUTIC DRUGS
409163802,SEDATIVE/HYPNOTICS
338001304,UNCLASSIFIED DRUG PRODUCTS
54016625,IMMUNOSUPPRESSANTS
597018590,ANTIPARKINSON DRUGS
4110150,ANTINEOPLASTICS
93312501,ANTIBIOTICS
781197501,PSYCHOTHERAPEUTIC DRUGS
781197201,PSYCHOTHERAPEUTIC DRUGS
37683015,HORMONES
338001704,ELECT/CALORIC/H2O
338634603,ELECT/CALORIC/H2O
264958720,ANTICOAGULANTS
65027510,EENT PREPS
74165801,UNCLASSIFIED DRUG PRODUCTS
71000740,CNS DRUGS
703680104,CONTRACEPTIVES
409793519,ELECT/CALORIC/H2O
54817525,HORMONES
29152722,ANTIBIOTICS
54817625,HORMONES
555095202,AUTONOMIC DRUGS
338002304,ELECT/CALORIC/H2O
409793009,ELECT/CALORIC/H2O
54818125,HORMONES
54418425,HORMONES
641036725,HORMONES
178061001,ELECT/CALORIC/H2O
469060773,IMMUNOSUPPRESSANTS
93414664,ANTIASTHMATICS
71000724,CNS DRUGS
409660902,ELECT/CALORIC/H2O
93312301,ANTIBIOTICS
536589688,SMOKING DETERRENTS
6382310,ANTIFUNGALS
173069504,ANTIASTHMATICS
54002821,ANTIPLATELET DRUGS
25152034,ANTIARTHRITICS
78032705,ANTIPARKINSON DRUGS
4080085,ANTIVIRALS
597000160,ANTIPLATELET DRUGS
264780010,ELECT/CALORIC/H2O
409798361,ELECT/CALORIC/H2O
37043001,CNS DRUGS
54008826,ELECT/CALORIC/H2O
555900942,CONTRACEPTIVES
8104110,IMMUNOSUPPRESSANTS
89141045602,UNCLASSIFIED DRUG PRODUCTS
264751010,ELECT/CALORIC/H2O
338634602,ELECT/CALORIC/H2O
25152031,ANTIARTHRITICS
25152534,ANTIARTHRITICS
472140016,ANTIHISTAMINES
145009125,SKIN PREPS
13258691,ANTINEOPLASTICS
2416530,UNCLASSIFIED DRUG PRODUCTS
74568113,CNS DRUGS
54008013,ANTINEOPLASTICS
74611411,CNS DRUGS
75062160,ANTICOAGULANTS
75062280,ANTICOAGULANTS
85113601,ANTIPLATELET DRUGS
591321472,ANALGESICS
93312701,CARDIAC DRUGS
904628361,PSYCHOTHERAPEUTIC DRUGS
9766304,ANTINEOPLASTICS
574202001,HORMONES
54033425,AUTONOMIC DRUGS
378910293,CARDIAC DRUGS
378911293,CARDIAC DRUGS
338001701,ELECT/CALORIC/H2O
338001731,ELECT/CALORIC/H2O
338001738,ELECT/CALORIC/H2O
409792209,ELECT/CALORIC/H2O
206886202,ANTIBIOTICS
4029809,IMMUNOSUPPRESSANTS
54006258,PSYCHOTHERAPEUTIC DRUGS
9513601,ANTIBIOTICS
409302401,CARDIOVASCULAR
88117547,GASTROINTESTINAL
409915701,VITAMINS
409120703,ANTIBIOTICS
23916330,EENT PREPS
173069604,ANTIASTHMATICS
65853302,ANTIBIOTICS
173069700,ANTIASTHMATICS
8092355,GASTROINTESTINAL
8092360,GASTROINTESTINAL
85140101,ANTIASTHMATICS
6046106,GASTROINTESTINAL
78038725,UNCLASSIFIED DRUG PRODUCTS
173068224,ANTIASTHMATICS
88222033,ANTIHYPERGLYCEMICS
69303420,ANTINEOPLASTICS
378087299,CARDIOVASCULAR
378087399,CARDIOVASCULAR
69580043,CARDIAC DRUGS
69582043,CARDIAC DRUGS
904647461,GASTROINTESTINAL
378910493,CARDIAC DRUGS
781523864,GASTROINTESTINAL
781523964,GASTROINTESTINAL
378087199,CARDIOVASCULAR
187430202,CARDIOVASCULAR
338001308,UNCLASSIFIED DRUG PRODUCTS
9513503,ANTIBIOTICS
173067502,ANTIINFECTIVES/MISCELLANEOUS
52010630,PSYCHOTHERAPEUTIC DRUGS
487950101,ANTIASTHMATICS
173069704,ANTIASTHMATICS
904626908,PSYCHOTHERAPEUTIC DRUGS
904627108,PSYCHOTHERAPEUTIC DRUGS
121048910,ANTIHISTAMINES
143314250,ANTIBIOTICS
6003220,ANTIINFECTIVES/MISCELLANEOUS
264780020,ELECT/CALORIC/H2O
338004902,ELECT/CALORIC/H2O
338004931,ELECT/CALORIC/H2O
409798437,ELECT/CALORIC/H2O
904205159,GASTROINTESTINAL
67512614,SMOKING DETERRENTS
904585861,PSYCHOTHERAPEUTIC DRUGS
904585461,ANTIARTHRITICS
517420125,ANTIHISTAMINES
74379902,ANTIINFLAM.TUMOR NECROSIS FACTOR INHIBITING AGENTS
409427602,ANESTHETICS
310075239,CARDIOVASCULAR
3161412,ANTIVIRALS
597008717,ANTIASTHMATICS
378911916,ANALGESICS
2821501,ANTIHYPERGLYCEMICS
703418301,ANTINEOPLASTICS
904585361,ANTIARTHRITICS
574709012,GASTROINTESTINAL
143978410,UNCLASSIFIED DRUG PRODUCTS
409724101,AUTONOMIC DRUGS
78034445,HORMONES
781210201,IMMUNOSUPPRESSANTS
591014926,ELECT/CALORIC/H2O
591014987,ELECT/CALORIC/H2O
4026129,IMMUNOSUPPRESSANTS
904530661,ANTIHISTAMINES
78035105,ANTIHYPERGLYCEMICS
23917705,EENT PREPS
378911693,CARDIAC DRUGS
904608461,PSYCHOTHERAPEUTIC DRUGS
310072010,ANTINEOPLASTICS
409610204,DIURETICS
555901858,CONTRACEPTIVES
93610812,PSYCHOTHERAPEUTIC DRUGS
409669501,ANESTHETICS
69303220,ANTINEOPLASTICS
69303220,ANTINEOPLASTICS
69303220,ANTINEOPLASTICS
69303220,ANTINEOPLASTICS
69303220,ANTINEOPLASTICS
69303220,ANTINEOPLASTICS
69303220,ANTINEOPLASTICS
69303220,ANTINEOPLASTICS
69303220,
703443411,ANTINEOPLASTICS
2759701,PSYCHOTHERAPEUTIC DRUGS
574080530,UNCLASSIFIED DRUG PRODUCTS
591319872,ANALGESICS
904568461,GASTROINTESTINAL
71015892,CARDIOVASCULAR
338004903,ELECT/CALORIC/H2O
338004904,ELECT/CALORIC/H2O
338004910,ELECT/CALORIC/H2O
338004938,ELECT/CALORIC/H2O
338630403,ELECT/CALORIC/H2O
143987201,CARDIOVASCULAR
67512414,SMOKING DETERRENTS
67512514,SMOKING DETERRENTS
7440701,ANTICOAGULANTS
406851501,ANALGESICS
54319446,GASTROINTESTINAL
409909332,ANALGESICS
781627043,CNS DRUGS
121043130,GASTROINTESTINAL
186198904,ANTIASTHMATICS
378715501,HORMONES
168005960,SKIN PREPS
781365569,ANTICOAGULANTS
168006460,SKIN PREPS
78042315,CARDIOVASCULAR
310075590,CARDIOVASCULAR
51845030,HORMONES
4035009,ANTIVIRALS
517234010,ELECT/CALORIC/H2O
54017613,UNCLASSIFIED DRUG PRODUCTS
54018913,UNCLASSIFIED DRUG PRODUCTS
69303220,ANTINEOPLASTICS
378505201,ANTIPARKINSON DRUGS
3161112,ANTIVIRALS
409492834,ELECT/CALORIC/H2O
8499020,ANTIBIOTICS
781176413,PSYCHOTHERAPEUTIC DRUGS
299382060,SKIN PREPS
187433005,AUTONOMIC DRUGS
69303220,ANTINEOPLASTICS
69303220,ANTINEOPLASTICS
69303220,ANTINEOPLASTICS
69303220,ANTINEOPLASTICS
69303220,ANTINEOPLASTICS
69303220,ANTINEOPLASTICS
409434610,BLOOD
781155613,CARDIAC DRUGS
338350341,ANTIBIOTICS
69581043,CARDIAC DRUGS
4003822,ANTIVIRALS
24515010,ANTIARTHRITICS
409909422,ANALGESICS
904001261,ANTIHISTAMINES
121053005,ELECT/CALORIC/H2O
56051030,ANTIVIRALS
132020145,GASTROINTESTINAL
9338102,ANTIBIOTICS
555078802,AUTONOMIC DRUGS
93681673,ANTIASTHMATICS
2445485,PSYCHOTHERAPEUTIC DRUGS
2751101,ANTIHYPERGLYCEMICS
430375414,HORMONES
54007928,GASTROINTESTINAL
168001631,SKIN PREPS
781139313,PSYCHOTHERAPEUTIC DRUGS
456321063,CNS DRUGS
406324301,ANALGESICS
409909335,ANALGESICS
71201223,CNS DRUGS
93721201,ANTIHYPERGLYCEMICS
378032701,PSYCHOTHERAPEUTIC DRUGS
93960412,PSYCHOTHERAPEUTIC DRUGS
409610210,DIURETICS
264196510,BLOOD
143176901,CARDIAC DRUGS
409427601,ANESTHETICS
69303220,ANTINEOPLASTICS
69303220,ANTINEOPLASTICS
69303220,ANTINEOPLASTICS
69303220,ANTINEOPLASTICS
69303220,ANTINEOPLASTICS
69303220,ANTINEOPLASTICS
69303220,
93578656,ANTIVIRALS
703485211,ANTINEOPLASTICS
3362412,ANTIVIRALS
121064610,ANTIPARKINSON DRUGS
472032126,SKIN PREPS
168014630,SKIN PREPS
143125401,HORMONES
78035834,CARDIOVASCULAR
121065304,PSYCHOTHERAPEUTIC DRUGS
93026292,SKIN PREPS
409610202,DIURETICS
54329446,DIURETICS
6384371,ANTIBIOTICS
75291201,ANTICOAGULANTS
713052612,GASTROINTESTINAL
65401303,ANTIBIOTICS
781139713,PSYCHOTHERAPEUTIC DRUGS
115132801,AUTONOMIC DRUGS
49319028,ANTIFUNGALS
378412201,ANTIASTHMATICS
8104205,IMMUNOSUPPRESSANTS
3363112,ANTIVIRALS
2831501,ANTIHYPERGLYCEMICS
51842530,HORMONES
121054410,GASTROINTESTINAL
555006602,ANTIBIOTICS
409130431,ANALGESICS
409020120,ANTINEOPLASTICS
78040134,ANTINEOPLASTICS
78043815,ANTINEOPLASTICS
9085608,HORMONES
703480501,UNCLASSIFIED DRUG PRODUCTS
703480503,UNCLASSIFIED DRUG PRODUCTS
378001805,CARDIOVASCULAR
904634061,CARDIOVASCULAR
703315401,ANTINEOPLASTICS
3161212,ANTIVIRALS
781315972,PSYCHOTHERAPEUTIC DRUGS
456320563,CNS DRUGS
74679922,ANTIVIRALS
944049301,BLOOD
944049302,BLOOD
409337504,AUTONOMIC DRUGS
409427601,ANESTHETICS
409427602,ANESTHETICS
409490334,CARDIAC DRUGS
121176130,GASTROINTESTINAL
54352763,PSYCHOTHERAPEUTIC DRUGS
74364103,HORMONES
19481604,DIAGNOSTIC
9002001,HORMONES
904357161,ANTINEOPLASTICS
121174410,COUGH/COLD PREPARATIONS
281032608,CARDIAC DRUGS
169750111,ANTIHYPERGLYCEMICS
2762301,ANTINEOPLASTICS
517095501,PSYCHOTHERAPEUTIC DRUGS
78035934,CARDIOVASCULAR
168001431,SKIN PREPS
49317030,ANTIFUNGALS
49392083,PSYCHOTHERAPEUTIC DRUGS
703424801,ANTINEOPLASTICS
536222075,GASTROINTESTINAL
169368512,ANTIHYPERGLYCEMICS
2871501,ANTIHYPERGLYCEMICS
69303220,
54855324,ANALGESICS
781107101,DIURETICS
703450204,GASTROINTESTINAL
378911998,ANALGESICS
409488850,ELECT/CALORIC/H2O
409018101,ANTINEOPLASTICS
703424801,ANTINEOPLASTICS
781325394,ANTINEOPLASTICS
69419068,CARDIOVASCULAR
71241823,CNS DRUGS
781312595,ANTIBIOTICS
409146301,ANALGESICS
409121501,ANTIDOTES
3029320,HORMONES
78038566,IMMUNOSUPPRESSANTS
25274231,CARDIAC DRUGS
69303220,ANTINEOPLASTICS
472033730,SKIN PREPS
69303220,ANTINEOPLASTICS
69303220,ANTINEOPLASTICS
54001920,HORMONES
603390121,HORMONES
603137859,GASTROINTESTINAL
69303220,ANTINEOPLASTICS
69303220,ANTINEOPLASTICS
703443411,ANTINEOPLASTICS
904404073,ANTIPLATELET DRUGS
23050601,EENT PREPS
409909422,ANALGESICS
71101268,CNS DRUGS
24159601,ANTIINFECTIVES/MISCELLANEOUS
71101441,CNS DRUGS
2323560,PSYCHOTHERAPEUTIC DRUGS
469325010,ANTIFUNGALS
54001920,HORMONES
46110281,HORMONES
409190301,CARDIAC DRUGS
168020437,ANESTHETICS
641092825,ANTIHISTAMINES
406048462,ANALGESICS
54852625,PSYCHOTHERAPEUTIC DRUGS
93415573,ANTIBIOTICS
93031101,GASTROINTESTINAL
904272561,ANTIBIOTICS
641049325,CNS DRUGS
703940204,ANTIBIOTICS
409205105,ANESTHETICS
54005746,CARDIAC DRUGS
71035060,PSYCHOTHERAPEUTIC DRUGS
409434673,BLOOD
409741803,BLOOD
409795309,ELECT/CALORIC/H2O
24135301,EENT PREPS
187019201,CARDIAC DRUGS
409592101,ANTIASTHMATICS
409080101,ANTINEOPLASTICS
168001135,ANTIBIOTICS
409741903,BLOOD
69303220,ANTINEOPLASTICS
338011704,ELECT/CALORIC/H2O
781340495,ANTIBIOTICS
781345196,ANTIBIOTICS
264400155,ELECT/CALORIC/H2O
338004902,ELECT/CALORIC/H2O
338004910,ELECT/CALORIC/H2O
338004931,ELECT/CALORIC/H2O
409798361,ELECT/CALORIC/H2O
168004631,ANESTHETICS
409176230,ANALGESICS
409226720,CARDIOVASCULAR
409405101,ANTIBIOTICS
409419701,ANTIBIOTICS
143989701,ANTIBIOTICS
781340795,ANTIBIOTICS
409403101,DIURETICS
904198861,ANALGESICS
603023516,GASTROINTESTINAL
904598061,PSYCHOTHERAPEUTIC DRUGS
409653301,ANTIBIOTICS
904598061,PSYCHOTHERAPEUTIC DRUGS
54372144,HORMONES
54874025,HORMONES
54001820,HORMONES
496074804,ANESTHETICS
536407401,VITAMINS
536407701,VITAMINS
54001720,HORMONES
781304095,AUTONOMIC DRUGS
574703412,ANALGESICS
68051030,ANTIBIOTICS
409653301,ANTIBIOTICS
781320895,ANTIBIOTICS
574703612,ANALGESICS
409653301,ANTIBIOTICS
71041813,CARDIAC DRUGS
69303220,ANTINEOPLASTICS
904020161,PSYCHOTHERAPEUTIC DRUGS
143993801,ANTIBIOTICS
8489800001,UNCLASSIFIED DRUG PRODUCTS
338035703,DIURETICS
54350547,ANESTHETICS
409427701,ANESTHETICS
54350049,ANESTHETICS
703514501,UNCLASSIFIED DRUG PRODUCTS
54449625,UNCLASSIFIED DRUG PRODUCTS
363069338,GASTROINTESTINAL
93412773,ANTIBIOTICS
65063136,ANTIBIOTICS
998061505,EENT PREPS
93117201,ANTIBIOTICS
187170405,VITAMINS
187301220,AUTONOMIC DRUGS
187301030,AUTONOMIC DRUGS
406575562,ANALGESICS
168008930,ANTIFUNGALS
93075601,ANTIARTHRITICS
904585361,ANTIARTHRITICS
409665305,ELECT/CALORIC/H2O
641614225,CARDIOVASCULAR
187355410,ANTIFUNGALS
187355510,ANTIFUNGALS
781104813,PSYCHOTHERAPEUTIC DRUGS
54872425,HORMONES
121478505,ANTIFUNGALS
409909335,ANALGESICS
409419701,ANTIBIOTICS
68059701,ANTIBIOTICS
641610525,GASTROINTESTINAL
409909332,ANALGESICS
781340495,ANTIBIOTICS
781345196,ANTIBIOTICS
264780010,ELECT/CALORIC/H2O
264780020,ELECT/CALORIC/H2O
338004901,ELECT/CALORIC/H2O
93417773,ANTIBIOTICS
641604610,SEDATIVE/HYPNOTICS
409653301,ANTIBIOTICS
93415573,ANTIBIOTICS
121177505,COUGH/COLD PREPARATIONS
904530661,ANTIHISTAMINES
781104801,PSYCHOTHERAPEUTIC DRUGS
49053028,ANTIBIOTICS
409427501,ANESTHETICS
54355663,ANALGESICS
143129001,MUSCLE RELAXANTS
143145801,SEDATIVE/HYPNOTICS
75062430,ANTICOAGULANTS
641047725,SEDATIVE/HYPNOTICS
781340895,ANTIBIOTICS
409341401,GASTROINTESTINAL
998063006,ANTIBIOTICS
409177805,CARDIOVASCULAR
904634161,CARDIOVASCULAR
781340495,ANTIBIOTICS
24159601,ANTIINFECTIVES/MISCELLANEOUS
54023524,ANALGESICS
409190201,CARDIAC DRUGS
54023525,ANALGESICS
904052560,VITAMINS
6494300,BIOLOGICALS
9316906,CARDIOVASCULAR
603155404,ELECT/CALORIC/H2O
781317796,ANTIBIOTICS
781317796,ANTIBIOTICS
517611025,ELECT/CALORIC/H2O
378015601,ANTIARTHRITICS
338004903,ELECT/CALORIC/H2O
338630403,ELECT/CALORIC/H2O
121177510,COUGH/COLD PREPARATIONS
781523864,GASTROINTESTINAL
713013512,GASTROINTESTINAL
378005201,CARDIOVASCULAR
338022104,ELECT/CALORIC/H2O
409818301,ELECT/CALORIC/H2O
143119550,ANTIINFECTIVES/MISCELLANEOUS
378015001,DIURETICS
46074905,HORMONES
46110081,HORMONES
46087221,HORMONES
713013512,GASTROINTESTINAL
409131230,ANALGESICS
409663734,ELECT/CALORIC/H2O
487950101,ANTIASTHMATICS
93310793,ANTIBIOTICS
143993801,ANTIBIOTICS
781940895,ANTIBIOTICS
517030110,UNCLASSIFIED DRUG PRODUCTS
904198261,ANALGESICS
406114201,PSYCHOTHERAPEUTIC DRUGS
9002201,HORMONES
338105548,ANTIBIOTICS
54859511,ANALGESICS
93316501,ANTIBIOTICS
54855424,ANALGESICS
406052710,ANALGESICS
54023624,ANALGESICS
574711212,ANALGESICS
378003201,CARDIOVASCULAR
781312495,ANTIBIOTICS
472073041,ANTIFUNGALS
591564301,CARDIOVASCULAR
409798325,ELECT/CALORIC/H2O
409126130,ANALGESICS
409909422,ANALGESICS
409127332,PSYCHOTHERAPEUTIC DRUGS
904585861,PSYCHOTHERAPEUTIC DRUGS
409909332,ANALGESICS
409909335,ANALGESICS
409226720,CARDIOVASCULAR
409662902,AUTONOMIC DRUGS
93538506,ANTIVIRALS
378041501,GASTROINTESTINAL
93031101,GASTROINTESTINAL
409434610,BLOOD
409434673,BLOOD
406036562,ANALGESICS
406051262,ANALGESICS
409610210,DIURETICS
517570425,DIURETICS
781340495,ANTIBIOTICS
781940895,ANTIBIOTICS
641611710,ANTIBIOTICS
409419701,ANTIBIOTICS
703841104,CARDIOVASCULAR
517570225,DIURETICS
409610202,DIURETICS
517570425,DIURETICS
54001720,HORMONES
904404073,ANTIPLATELET DRUGS
472032126,SKIN PREPS
409955810,AUTONOMIC DRUGS
517460525,GASTROINTESTINAL
781312495,ANTIBIOTICS
904585461,ANTIARTHRITICS
409490334,CARDIAC DRUGS
54812025,ELECT/CALORIC/H2O
904020161,PSYCHOTHERAPEUTIC DRUGS
904617261,CNS DRUGS
781143613,PSYCHOTHERAPEUTIC DRUGS
93423701,CARDIOVASCULAR
187526802,VITAMINS
409781124,ANTIBIOTICS
517481025,CARDIAC DRUGS
904062960,VITAMINS
228249710,CARDIAC DRUGS
13530117,ANTIBIOTICS
65008515,EENT PREPS
169183411,ANTIHYPERGLYCEMICS
169183311,ANTIHYPERGLYCEMICS
168000715,ANTIFUNGALS
121478505,ANTIFUNGALS
406051262,ANALGESICS
517265025,ELECT/CALORIC/H2O
409610204,DIURETICS
517570225,DIURETICS
168008130,ANTIFUNGALS
703841104,CARDIOVASCULAR
409230521,ANESTHETICS
904282161,UNCLASSIFIED DRUG PRODUCTS
409663734,ELECT/CALORIC/H2O
641047625,SEDATIVE/HYPNOTICS
781104613,PSYCHOTHERAPEUTIC DRUGS
603150858,SEDATIVE/HYPNOTICS
54817625,HORMONES
54418425,HORMONES
338004904,ELECT/CALORIC/H2O
338004911,ELECT/CALORIC/H2O
338004938,ELECT/CALORIC/H2O
409798437,ELECT/CALORIC/H2O
781139313,PSYCHOTHERAPEUTIC DRUGS
406324301,ANALGESICS
54449625,UNCLASSIFIED DRUG PRODUCTS
781155613,CARDIAC DRUGS
54859511,ANALGESICS
904580961,CARDIOVASCULAR
54855324,ANALGESICS
378003201,CARDIOVASCULAR
781323909,ANTIBIOTICS
409405101,ANTIBIOTICS
143148401,CNS DRUGS
781340495,ANTIBIOTICS
409212288,CARDIOVASCULAR
904041161,CARDIOVASCULAR
904617261,CNS DRUGS
143148001,THYROID PREPS
781317796,ANTIBIOTICS
781320995,ANTIBIOTICS
703514501,UNCLASSIFIED DRUG PRODUCTS
223172101,GASTROINTESTINAL
49052083,ANTIBIOTICS
71041724,CARDIAC DRUGS
603516821,SEDATIVE/HYPNOTICS
168005430,ANTIFUNGALS
641047625,SEDATIVE/HYPNOTICS
338004901,ELECT/CALORIC/H2O
69303220,ANTINEOPLASTICS
69303220,ANTINEOPLASTICS
173071920,ANTIASTHMATICS
8411701,ANTIBIOTICS
409018101,ANTINEOPLASTICS
456045801,THYROID PREPS
409665106,ELECT/CALORIC/H2O
54873925,HORMONES
54408425,IMMUNOSUPPRESSANTS
904628061,PSYCHOTHERAPEUTIC DRUGS
641611610,ANTIBIOTICS
781340895,ANTIBIOTICS
143967310,CNS DRUGS
641602110,GASTROINTESTINAL
409610202,DIURETICS
517571025,DIURETICS
904617261,CNS DRUGS
904617261,CNS DRUGS
781320895,ANTIBIOTICS
409233725,UNCLASSIFIED DRUG PRODUCTS
409492134,AUTONOMIC DRUGS
409212288,CARDIOVASCULAR
409190201,CARDIAC DRUGS
143968125,GASTROINTESTINAL
409230517,ANESTHETICS
641600810,DIURETICS
185075710,ANTIBIOTICS
143968025,GASTROINTESTINAL
641606010,ANESTHETICS
54413025,ANTINEOPLASTICS
904598061,PSYCHOTHERAPEUTIC DRUGS
904357161,ANTINEOPLASTICS
54855424,ANALGESICS
781107101,DIURETICS
172541360,ANTIFUNGALS
115703301,HORMONES
781197501,PSYCHOTHERAPEUTIC DRUGS
781197201,PSYCHOTHERAPEUTIC DRUGS
591564301,CARDIOVASCULAR
781143901,PSYCHOTHERAPEUTIC DRUGS
54023525,ANALGESICS
54023624,ANALGESICS
536406801,VITAMINS
904282161,UNCLASSIFIED DRUG PRODUCTS
781104801,PSYCHOTHERAPEUTIC DRUGS
781139713,PSYCHOTHERAPEUTIC DRUGS
378032701,PSYCHOTHERAPEUTIC DRUGS
54874025,HORMONES
378015601,ANTIARTHRITICS
904504561,CARDIOVASCULAR
93819201,GASTROINTESTINAL
185021001,THYROID PREPS
245021201,AUTONOMIC DRUGS
54412925,ANTINEOPLASTICS
555090201,ANTIDOTES
93017456,ANTIARTHRITICS
406055262,ANALGESICS
904644461,ANALGESICS
904561061,CARDIOVASCULAR
904555960,CNS DRUGS
591048701,HORMONES
54001021,CARDIAC DRUGS
603318021,GASTROINTESTINAL
93015401,ANTIPLATELET DRUGS
245000331,ELECT/CALORIC/H2O
93711306,PSYCHOTHERAPEUTIC DRUGS
143991901,ANTIHYPERGLYCEMICS
93022001,ANTINEOPLASTICS
904639161,CARDIOVASCULAR
574011215,CARDIOVASCULAR
93720656,PSYCHOTHERAPEUTIC DRUGS
93731601,HORMONES
904637661,PSYCHOTHERAPEUTIC DRUGS
781340795,ANTIBIOTICS
409477723,ANTIBIOTICS
409405101,ANTIBIOTICS
641141035,CARDIAC DRUGS
409610204,DIURETICS
517571025,DIURETICS
143176901,CARDIAC DRUGS
641604610,SEDATIVE/HYPNOTICS
517260225,ELECT/CALORIC/H2O
409610210,DIURETICS
409177805,CARDIOVASCULAR
409653301,ANTIBIOTICS
781345196,ANTIBIOTICS
904336561,MUSCLE RELAXANTS
54024424,ANALGESICS
54817925,HORMONES
54817525,HORMONES
143125401,HORMONES
603390121,HORMONES
904585361,ANTIARTHRITICS
904585461,ANTIARTHRITICS
223176001,ELECT/CALORIC/H2O
185075701,ANTIBIOTICS
93078405,ANTINEOPLASTICS
591079601,GASTROINTESTINAL
904399161,PSYCHOTHERAPEUTIC DRUGS
904399061,PSYCHOTHERAPEUTIC DRUGS
591557101,ANTIBIOTICS
54808425,IMMUNOSUPPRESSANTS
904636961,CARDIAC DRUGS
185013001,DIURETICS
904612961,PSYCHOTHERAPEUTIC DRUGS
378204201,ANTIPARKINSON DRUGS
781543820,ANTIBIOTICS
904585261,ANTIHISTAMINES
904550261,CARDIOVASCULAR
378252093,ANTIFUNGALS
172364910,ANTIHYPERGLYCEMICS
93947753,ANTIHYPERGLYCEMICS
378037301,ANTIINFECTIVES/MISCELLANEOUS
378026101,ANTIFUNGALS
143125001,GASTROINTESTINAL
228262011,CARDIAC DRUGS
904580861,CARDIOVASCULAR
781149731,ANTIBIOTICS
904567661,PSYCHOTHERAPEUTIC DRUGS
904637761,PSYCHOTHERAPEUTIC DRUGS
185077130,CARDIOVASCULAR
93576956,PSYCHOTHERAPEUTIC DRUGS
904597661,PSYCHOTHERAPEUTIC DRUGS
54009920,CNS DRUGS
93514001,UNCLASSIFIED DRUG PRODUCTS
904628361,PSYCHOTHERAPEUTIC DRUGS
172436560,CARDIOVASCULAR
93528401,ANTIPARKINSON DRUGS
904627761,PSYCHOTHERAPEUTIC DRUGS
54016625,IMMUNOSUPPRESSANTS
904627961,PSYCHOTHERAPEUTIC DRUGS
54008013,ANTINEOPLASTICS
378447201,IMMUNOSUPPRESSANTS
904629461,ANTIPLATELET DRUGS
406851501,ANALGESICS
904641961,ANALGESICS
93578656,ANTIVIRALS
378207201,CARDIOVASCULAR
406048462,ANALGESICS
904608461,PSYCHOTHERAPEUTIC DRUGS
781176413,PSYCHOTHERAPEUTIC DRUGS
904641961,ANALGESICS
93117201,ANTIBIOTICS
93412773,ANTIBIOTICS
781104813,PSYCHOTHERAPEUTIC DRUGS
54001720,HORMONES
54872425,HORMONES
143147501,HORMONES
409141210,DIURETICS
904585861,PSYCHOTHERAPEUTIC DRUGS
54818125,HORMONES
143129001,MUSCLE RELAXANTS
555095202,AUTONOMIC DRUGS
406895801,AUTONOMIC DRUGS
904634161,CARDIOVASCULAR
228263111,CARDIAC DRUGS
406114201,PSYCHOTHERAPEUTIC DRUGS
185001001,CARDIOVASCULAR
245018101,CNS DRUGS
93117201,ANTIBIOTICS
54873925,HORMONES
781104613,PSYCHOTHERAPEUTIC DRUGS
54002025,PSYCHOTHERAPEUTIC DRUGS
54458111,ANTINEOPLASTICS
904632661,ANTIHYPERGLYCEMICS
904567861,PSYCHOTHERAPEUTIC DRUGS
555006602,ANTIBIOTICS
904215461,CARDIAC DRUGS
93738201,PSYCHOTHERAPEUTIC DRUGS
93738001,PSYCHOTHERAPEUTIC DRUGS
591052801,HORMONES
406575562,ANALGESICS
54019813,ANTIVIRALS
93003901,CNS DRUGS
93046301,CNS DRUGS
54023524,ANALGESICS
93423701,CARDIOVASCULAR
223176001,ELECT/CALORIC/H2O
93015506,CNS DRUGS
93542088,HORMONES
143176401,ANTIPARKINSON DRUGS
904292461,CARDIAC DRUGS
591040401,CARDIAC DRUGS
904292061,CARDIAC DRUGS
781340895,ANTIBIOTICS
93417773,ANTIBIOTICS
781570192,CARDIOVASCULAR
54019713,ANTIVIRALS
378037301,ANTIINFECTIVES/MISCELLANEOUS
555006602,ANTIBIOTICS
904624261,AUTONOMIC DRUGS
143176401,ANTIPARKINSON DRUGS
904627861,PSYCHOTHERAPEUTIC DRUGS
904213761,ELECT/CALORIC/H2O
409739172,ELECT/CALORIC/H2O
378001805,CARDIOVASCULAR
69055038,ANTINEOPLASTICS
517209625,ELECT/CALORIC/H2O
555090201,ANTIDOTES
904628361,PSYCHOTHERAPEUTIC DRUGS
904627761,PSYCHOTHERAPEUTIC DRUGS
555090201,ANTIDOTES
904567661,PSYCHOTHERAPEUTIC DRUGS
781523864,GASTROINTESTINAL
904608461,PSYCHOTHERAPEUTIC DRUGS
338004901,ELECT/CALORIC/H2O
338004911,ELECT/CALORIC/H2O
603516821,SEDATIVE/HYPNOTICS
143145801,SEDATIVE/HYPNOTICS
338004931,
378005201,CARDIOVASCULAR
54001820,HORMONES
338004902,ELECT/CALORIC/H2O
338004903,ELECT/CALORIC/H2O
338004904,ELECT/CALORIC/H2O
409792337,ELECT/CALORIC/H2O
74434190,THYROID PREPS
74455211,THYROID PREPS
74518211,THYROID PREPS
264780010,ELECT/CALORIC/H2O
338004938,ELECT/CALORIC/H2O
54817925,HORMONES
574705050,GASTROINTESTINAL
703040402,UNCLASSIFIED DRUG PRODUCTS
641606010,ANESTHETICS
409663734,ELECT/CALORIC/H2O
781340895,ANTIBIOTICS
93417773,ANTIBIOTICS
93412773,ANTIBIOTICS
54011625,ANTIPARKINSON DRUGS
54002821,ANTIPLATELET DRUGS
904597361,PSYCHOTHERAPEUTIC DRUGS
54009720,CNS DRUGS
904600161,CNS DRUGS
904635361,ANTIBIOTICS
904579461,ANTIHYPERGLYCEMICS
406036562,ANALGESICS
904504561,CARDIOVASCULAR
904336561,MUSCLE RELAXANTS
409650901,ANTIBIOTICS
641608025,GASTROINTESTINAL
409177805,CARDIOVASCULAR
409475503,GASTROINTESTINAL
93731601,HORMONES
54001021,CARDIAC DRUGS
603318021,GASTROINTESTINAL
143125001,GASTROINTESTINAL
409130431,ANALGESICS
409798361,ELECT/CALORIC/H2O
781345196,ANTIBIOTICS
781940895,ANTIBIOTICS
781340895,ANTIBIOTICS
781940895,ANTIBIOTICS
781940895,ANTIBIOTICS
781312595,ANTIBIOTICS
409263405,ANALGESICS
781312595,ANTIBIOTICS
781345196,ANTIBIOTICS
781345196,ANTIBIOTICS
781317895,ANTIBIOTICS
781320995,ANTIBIOTICS
409724101,AUTONOMIC DRUGS
264780010,ELECT/CALORIC/H2O
338004901,ELECT/CALORIC/H2O
338004904,ELECT/CALORIC/H2O
338004931,ELECT/CALORIC/H2O
338004938,ELECT/CALORIC/H2O
143967310,CNS DRUGS
781340895,ANTIBIOTICS
591219045,SKIN PREPS
781340895,ANTIBIOTICS
223172101,GASTROINTESTINAL
781312595,ANTIBIOTICS
409508411,ANTIBIOTICS
703424801,ANTINEOPLASTICS
781312595,ANTIBIOTICS
93417773,ANTIBIOTICS
378699789,UNCLASSIFIED DRUG PRODUCTS
93412773,ANTIBIOTICS
9069801,HORMONES
9079601,HORMONES
9003928,HORMONES
904627861,PSYCHOTHERAPEUTIC DRUGS
264400155,ELECT/CALORIC/H2O
264780020,ELECT/CALORIC/H2O
338004911,ELECT/CALORIC/H2O
338630403,ELECT/CALORIC/H2O
185001001,CARDIOVASCULAR
409120703,ANTIBIOTICS
641047725,SEDATIVE/HYPNOTICS
409955810,AUTONOMIC DRUGS
78010901,IMMUNOSUPPRESSANTS
904600161,CNS DRUGS
143968025,GASTROINTESTINAL
904639161,CARDIOVASCULAR
703480501,UNCLASSIFIED DRUG PRODUCTS
641604610,SEDATIVE/HYPNOTICS
378207201,CARDIOVASCULAR
409341401,GASTROINTESTINAL
703450204,GASTROINTESTINAL
264751010,ELECT/CALORIC/H2O
338001701,ELECT/CALORIC/H2O
338001703,ELECT/CALORIC/H2O
409792203,ELECT/CALORIC/H2O
781345196,ANTIBIOTICS
781345196,ANTIBIOTICS
781317895,ANTIBIOTICS
781320995,ANTIBIOTICS
409650901,ANTIBIOTICS
409477750,ANTIBIOTICS
641607825,GASTROINTESTINAL
143987510,CARDIAC DRUGS
574703612,ANALGESICS
3218710,ANTIARTHRITICS
781940895,ANTIBIOTICS
904020161,PSYCHOTHERAPEUTIC DRUGS
409491134,GASTROINTESTINAL
781317895,ANTIBIOTICS
781320995,ANTIBIOTICS
338000404,SKIN PREPS
264780010,ELECT/CALORIC/H2O
338004910,ELECT/CALORIC/H2O
338004938,ELECT/CALORIC/H2O
338630403,ELECT/CALORIC/H2O
409798325,ELECT/CALORIC/H2O
338001703,ELECT/CALORIC/H2O
338001710,ELECT/CALORIC/H2O
338634602,ELECT/CALORIC/H2O
338634603,ELECT/CALORIC/H2O
409792203,ELECT/CALORIC/H2O
264751010,ELECT/CALORIC/H2O
185075701,ANTIBIOTICS
338040903,CARDIAC DRUGS
409427602,ANESTHETICS
409475503,GASTROINTESTINAL
781312495,ANTIBIOTICS
641607825,GASTROINTESTINAL
409427601,ANESTHETICS
641606010,ANESTHETICS
904617261,CNS DRUGS
93015506,CNS DRUGS
904399061,PSYCHOTHERAPEUTIC DRUGS
904629461,ANTIPLATELET DRUGS
591040401,CARDIAC DRUGS
904292461,CARDIAC DRUGS
703903203,ANTIBIOTICS
185077130,CARDIOVASCULAR
904585361,ANTIARTHRITICS
264400155,ELECT/CALORIC/H2O
409798361,ELECT/CALORIC/H2O
115703301,HORMONES
338001704,ELECT/CALORIC/H2O
338001731,ELECT/CALORIC/H2O
264751020,ELECT/CALORIC/H2O
409427601,ANESTHETICS
338004901,ELECT/CALORIC/H2O
338004931,ELECT/CALORIC/H2O
409798325,ELECT/CALORIC/H2O
409798361,ELECT/CALORIC/H2O
409490334,CARDIAC DRUGS
264780010,ELECT/CALORIC/H2O
338004910,ELECT/CALORIC/H2O
409798437,ELECT/CALORIC/H2O
703315401,ANTINEOPLASTICS
338004904,ELECT/CALORIC/H2O
338630403,ELECT/CALORIC/H2O
409650901,ANTIBIOTICS
378015001,DIURETICS
338004304,ELECT/CALORIC/H2O
409650901,ANTIBIOTICS
409477702,ANTIBIOTICS
409477750,ANTIBIOTICS
409477702,ANTIBIOTICS
409121501,ANTIDOTES
517460525,GASTROINTESTINAL
591079601,GASTROINTESTINAL
517260225,ELECT/CALORIC/H2O
338004904,ELECT/CALORIC/H2O
781320895,ANTIBIOTICS
781325394,ANTINEOPLASTICS
409491134,GASTROINTESTINAL
338004303,ELECT/CALORIC/H2O
338005403,ELECT/CALORIC/H2O
517101025,GASTROINTESTINAL
9075801,HORMONES
338004901,ELECT/CALORIC/H2O
338004902,ELECT/CALORIC/H2O
338004903,ELECT/CALORIC/H2O
65064835,ANTIBIOTICS
517460525,GASTROINTESTINAL
409798437,ELECT/CALORIC/H2O
93003901,CNS DRUGS
54458111,ANTINEOPLASTICS
904634061,CARDIOVASCULAR
409329906,ELECT/CALORIC/H2O
93720656,PSYCHOTHERAPEUTIC DRUGS
409113002,ELECT/CALORIC/H2O
409114102,ELECT/CALORIC/H2O
641606010,ANESTHETICS
904282161,UNCLASSIFIED DRUG PRODUCTS
781312595,ANTIBIOTICS
904555960,CNS DRUGS
781940895,ANTIBIOTICS
904404073,ANTIPLATELET DRUGS
93412773,ANTIBIOTICS
338004931,ELECT/CALORIC/H2O
338004938,ELECT/CALORIC/H2O
409798361,ELECT/CALORIC/H2O
641608025,GASTROINTESTINAL
409492834,ELECT/CALORIC/H2O
409724101,AUTONOMIC DRUGS
338004902,ELECT/CALORIC/H2O
338004910,ELECT/CALORIC/H2O
223176001,ELECT/CALORIC/H2O
338630403,ELECT/CALORIC/H2O
409798325,ELECT/CALORIC/H2O
517460525,GASTROINTESTINAL
409909335,ANALGESICS
54009720,CNS DRUGS
517231525,ELECT/CALORIC/H2O
338001702,ELECT/CALORIC/H2O
409909335,ANALGESICS
228249710,CARDIAC DRUGS
409427001,ANESTHETICS
143978410,UNCLASSIFIED DRUG PRODUCTS
338004303,ELECT/CALORIC/H2O
143968125,GASTROINTESTINAL
143968025,GASTROINTESTINAL
409226720,CARDIOVASCULAR
409491134,GASTROINTESTINAL
409729501,ELECT/CALORIC/H2O
517235025,ELECT/CALORIC/H2O
409427602,ANESTHETICS
264780010,
264780020,
338004903,
338004904,
338004910,
409798437,
409795309,ELECT/CALORIC/H2O
409341401,GASTROINTESTINAL
143968025,GASTROINTESTINAL
143968125,GASTROINTESTINAL
703480503,UNCLASSIFIED DRUG PRODUCTS
641614910,AUTONOMIC DRUGS
409909332,ANALGESICS
338070948,ELECT/CALORIC/H2O
703040402,UNCLASSIFIED DRUG PRODUCTS
143978510,CNS DRUGS
641606010,ANESTHETICS
143967310,CNS DRUGS
409650901,ANTIBIOTICS
409477702,ANTIBIOTICS
781340495,ANTIBIOTICS
409477750,ANTIBIOTICS
517265025,ELECT/CALORIC/H2O
409329906,ELECT/CALORIC/H2O
409729973,ELECT/CALORIC/H2O
781340795,ANTIBIOTICS
264958720,ANTICOAGULANTS
264400155,ELECT/CALORIC/H2O
264780010,ELECT/CALORIC/H2O
641606010,ANESTHETICS
338004931,ELECT/CALORIC/H2O
78024015,IMMUNOSUPPRESSANTS
409795309,ELECT/CALORIC/H2O
409427601,ANESTHETICS
338004911,ELECT/CALORIC/H2O
264400155,ELECT/CALORIC/H2O
338004903,ELECT/CALORIC/H2O
338004911,ELECT/CALORIC/H2O
409798361,ELECT/CALORIC/H2O
338001738,ELECT/CALORIC/H2O
409792337,ELECT/CALORIC/H2O
264751010,ELECT/CALORIC/H2O
781345196,ANTIBIOTICS
264780020,ELECT/CALORIC/H2O
78024115,IMMUNOSUPPRESSANTS
338004904,ELECT/CALORIC/H2O
781340495,ANTIBIOTICS
338004931,ELECT/CALORIC/H2O
338004938,ELECT/CALORIC/H2O
264400155,
338004902,
338004903,
338004904,
338630403,
409798325,
338005403,ELECT/CALORIC/H2O
641092825,ANTIHISTAMINES
409909422,ANALGESICS
409492834,ELECT/CALORIC/H2O
54352763,PSYCHOTHERAPEUTIC DRUGS
409131230,ANALGESICS
143978510,CNS DRUGS
409653301,ANTIBIOTICS
78011022,IMMUNOSUPPRESSANTS
143987201,CARDIOVASCULAR
904579461,ANTIHYPERGLYCEMICS
54327099,EENT PREPS
54005746,CARDIAC DRUGS
409488850,ELECT/CALORIC/H2O
703903203,ANTIBIOTICS
338001702,ELECT/CALORIC/H2O
338012504,ELECT/CALORIC/H2O
781345196,ANTIBIOTICS
338012504,ELECT/CALORIC/H2O
781317796,ANTIBIOTICS
409663734,ELECT/CALORIC/H2O
409131230,ANALGESICS
338001731,ELECT/CALORIC/H2O
169368712,ANTIHYPERGLYCEMICS
338004902,ELECT/CALORIC/H2O
338004910,ELECT/CALORIC/H2O
143148401,CNS DRUGS
536016097,VITAMINS
409915801,VITAMINS
409798361,
409798437,
3052411,ANTINEOPLASTICS
409491134,GASTROINTESTINAL
338004938,ELECT/CALORIC/H2O
409798325,ELECT/CALORIC/H2O
409798437,ELECT/CALORIC/H2O
310028239,PSYCHOTHERAPEUTIC DRUGS
378204201,ANTIPARKINSON DRUGS
93003901,CNS DRUGS
574402235,ANTIBIOTICS
781320895,ANTIBIOTICS
409909335,ANALGESICS
409909332,ANALGESICS
409792225,ELECT/CALORIC/H2O
143176901,CARDIAC DRUGS
6022761,ANTIVIRALS
4080285,ANTIVIRALS
264780020,ELECT/CALORIC/H2O
409909422,ANALGESICS
338004904,ELECT/CALORIC/H2O
409648201,ANTIBIOTICS
409798325,ELECT/CALORIC/H2O
703450204,GASTROINTESTINAL
143968125,GASTROINTESTINAL
69303220,ANTINEOPLASTICS
781312495,ANTIBIOTICS
409263450,ANALGESICS
641602110,GASTROINTESTINAL
703424801,ANTINEOPLASTICS
703903203,ANTIBIOTICS
409492134,AUTONOMIC DRUGS
409427601,ANESTHETICS
703424801,ANTINEOPLASTICS
409427602,ANESTHETICS
409427902,ANESTHETICS
409317801,ANESTHETICS
78050215,AUTONOMIC DRUGS
703951403,ANTIBIOTICS
338004910,
338004911,
409114405,CARDIAC DRUGS
121177505,COUGH/COLD PREPARATIONS
121177510,COUGH/COLD PREPARATIONS
781320695,ANTIBIOTICS
338500241,ANTIBIOTICS
409401101,CARDIAC DRUGS
71053240,CARDIOVASCULAR
591557101,ANTIBIOTICS
338004931,ELECT/CALORIC/H2O
409798437,ELECT/CALORIC/H2O
338001738,ELECT/CALORIC/H2O
409792209,ELECT/CALORIC/H2O
409792225,ELECT/CALORIC/H2O
338001701,ELECT/CALORIC/H2O
781320895,ANTIBIOTICS
781320995,ANTIBIOTICS
372000604,COUGH/COLD PREPARATIONS
9722402,IMMUNOSUPPRESSANTS
264400155,ELECT/CALORIC/H2O
264780020,ELECT/CALORIC/H2O
338004903,ELECT/CALORIC/H2O
338004911,ELECT/CALORIC/H2O
338630403,ELECT/CALORIC/H2O
781320995,ANTIBIOTICS
409729973,ELECT/CALORIC/H2O
409471332,ANESTHETICS
406051262,ANALGESICS
409909332,ANALGESICS
409779362,ANTICOAGULANTS
264780020,ELECT/CALORIC/H2O
409492134,AUTONOMIC DRUGS
338004902,ELECT/CALORIC/H2O
338004903,ELECT/CALORIC/H2O
338004910,ELECT/CALORIC/H2O
338004304,ELECT/CALORIC/H2O
223176001,ELECT/CALORIC/H2O
409739172,ELECT/CALORIC/H2O
409663734,ELECT/CALORIC/H2O
338011704,ELECT/CALORIC/H2O
264780020,ELECT/CALORIC/H2O
143178701,ANALGESICS
603254421,ANALGESICS
409614309,SKIN PREPS
338068304,ELECT/CALORIC/H2O
338080304,ELECT/CALORIC/H2O
173075600,CNS DRUGS
338008504,ELECT/CALORIC/H2O
8084401,GASTROINTESTINAL
24414260,CARDIAC DRUGS
409433201,ANTIBIOTICS
409650901,ANTIBIOTICS
69095050,ANTIBIOTICS
168031230,ANTIFUNGALS
904561061,CARDIOVASCULAR
409663734,ELECT/CALORIC/H2O
74662411,THYROID PREPS
74706811,THYROID PREPS
338004911,
703115303,
338001710,ELECT/CALORIC/H2O
338001731,ELECT/CALORIC/H2O
338634602,ELECT/CALORIC/H2O
264780010,ELECT/CALORIC/H2O
338004901,ELECT/CALORIC/H2O
264780010,
409427701,ANESTHETICS
338004938,
338004904,
338004931,
338004938,
703841104,CARDIOVASCULAR
409798437,ELECT/CALORIC/H2O
409909422,ANALGESICS
781315295,AUTONOMIC DRUGS
904272561,ANTIBIOTICS
264751020,ELECT/CALORIC/H2O
338001704,ELECT/CALORIC/H2O
338001710,ELECT/CALORIC/H2O
338001738,ELECT/CALORIC/H2O
338634602,ELECT/CALORIC/H2O
338634603,ELECT/CALORIC/H2O
409792209,ELECT/CALORIC/H2O
409792337,ELECT/CALORIC/H2O
703951401,ANTIBIOTICS
536467801,VITAMINS
904421813,VITAMINS
904052361,VITAMINS
409141210,DIURETICS
3085222,ANTINEOPLASTICS
338355248,ANTIBIOTICS
703315401,ANTINEOPLASTICS
143987510,CARDIAC DRUGS
409955810,AUTONOMIC DRUGS
409350701,ANTIBIOTICS
93819201,GASTROINTESTINAL
338080704,ELECT/CALORIC/H2O
173075400,CNS DRUGS
338067504,ELECT/CALORIC/H2O
338630403,
168000380,SKIN PREPS
65026025,EENT PREPS
6027731,ANTIHYPERGLYCEMICS
409159304,ELECT/CALORIC/H2O
74707090,THYROID PREPS
168001231,ANTIBIOTICS
8117901,ANTINEOPLASTICS
310028339,PSYCHOTHERAPEUTIC DRUGS
378100101,PSYCHOTHERAPEUTIC DRUGS
641611710,ANTIBIOTICS
65064305,ANTIBIOTICS
186037220,ANTIASTHMATICS
93078405,
409508216,ANTIBIOTICS
378037301,
85132801,ANTIFUNGALS
338001703,ELECT/CALORIC/H2O
338004902,ELECT/CALORIC/H2O
338004903,ELECT/CALORIC/H2O
409653301,ANTIBIOTICS
93065701,
409317802,ANESTHETICS
9023303,ANTIBIOTICS
338004901,
338004902,
409798437,
904292461,CARDIAC DRUGS
168000480,SKIN PREPS
338008904,ELECT/CALORIC/H2O
904552261,CARDIOVASCULAR
2512377,ANTIPLATELET DRUGS
409379501,ANALGESICS
143972905,ANTIPARKINSON DRUGS
54352763,PSYCHOTHERAPEUTIC DRUGS
54352763,PSYCHOTHERAPEUTIC DRUGS
641604610,SEDATIVE/HYPNOTICS
378204201,ANTIPARKINSON DRUGS
363069338,GASTROINTESTINAL
409403101,DIURETICS
641600810,DIURETICS
703450204,GASTROINTESTINAL
264400155,
338004901,
338004931,
338004938,
338630403,
409798361,
641614225,
338001702,ELECT/CALORIC/H2O
338001704,ELECT/CALORIC/H2O
409792225,ELECT/CALORIC/H2O
264751020,ELECT/CALORIC/H2O
264400155,ELECT/CALORIC/H2O
338630403,ELECT/CALORIC/H2O
409798325,ELECT/CALORIC/H2O
409798437,ELECT/CALORIC/H2O
264780020,
338004910,
591040401,CARDIAC DRUGS
904292061,CARDIAC DRUGS
